signal_id,vendor_id,vendor_name,date,source_type,source_name,url,text,provenance,risk_category,sentiment,maturity,classifier_confidence,is_about_vendor,classifier_reason,service,country,ubs_link,ubs_link_source,relationship_note,data_sensitivity,business_criticality,substitutability,dependency_index,credibility,maturity_weight,freshness,corroboration,n_sources,evidence_strength,likelihood,impact,inherent_risk,control_reduction,n_positive,residual_risk,maturity_cap,link_cap,tier,needs_human_review,tier_before_caps,explanation
I0140,V007,SIX Group,2026-07-27,audit_finding,audit_finding,,"Access recertification for SIX Group was overdue, with dormant privileged accounts still active on the engagement.",ILLUSTRATIVE,CYBER,risk,confirmed,0.98,True,Overdue access recertification and active dormant privileged accounts indicate a cybersecurity risk exposure.,Digital asset issuance venue,Switzerland,CONFIRMED,https://www.sdx.com/,UBS among issuers on the SIX Digital Exchange platform.,3,3,2,0.667,0.95,1.0,0.913,0.0,1,0.78,3.85,4.5,17.32,0.0,0,17.32,False,False,Critical,True,Critical,"CRITICAL (17.3/25, L3.9 x I4.5); CYBER signal, confirmed, from audit finding (credibility 0.95); 1 independent kind(s) of source in 365d; 57d old (freshness 0.91); UBS link: confirmed (UBS among issuers on the SIX Digital Exchange platform); data sensitivity 3/5; ILLUSTRATIVE evidence (demo data, not a public source); classifier: Overdue access recertification and active dormant privileged accounts indicate a cybersecurity risk exposure."
I0200,V012,Infosys,2026-07-20,incident_ticket,incident_ticket,,Phishing simulation across the Infosys engagement showed click rates above the agreed threshold.,ILLUSTRATIVE,CYBER,risk,corroborated,0.98,True,Phishing simulation results indicating elevated click rates above agreed thresholds represent a cybersecurity risk exposure for the vendor's engagement.,IT services & BPO,India,REPORTED,https://www.finews.com/news/english-news/46514-ubs-cognizant-technology-outsourcing-mike-dargan,Reported to have picked up consultants after the UBS-Cognizant wind-down. Not confirmed by UBS.,4,3,4,0.6,0.85,0.85,0.903,0.5,2,0.8,3.89,4.04,15.72,0.0,0,15.72,False,False,High,True,High,"HIGH (15.7/25, L3.9 x I4.0); CYBER signal, corroborated, from incident ticket (credibility 0.85); 2 independent kind(s) of source in 365d; 64d old (freshness 0.90); UBS link: reported (Reported to have picked up consultants after the UBS-Cognizant wind-down. Not confirmed by UBS); data sensitivity 4/5; ILLUSTRATIVE evidence (demo data, not a public source); classifier: Phishing simulation results indicating elevated click rates above agreed thresholds represent a cybersecurity risk exposure for the vendor's engagement."
I0102,V003,LSEG,2026-06-06,audit_finding,audit_finding,,"LSEG delivers the engagement from a single data centre, creating geographic concentration risk.",ILLUSTRATIVE,CONCENTRATION,risk,confirmed,1.0,True,"Single data centre delivery introduces geographic concentration risk, confirmed by internal audit finding.",Market data & analytics,UK,CONFIRMED,https://www.lseg.com/en/media-centre/press-releases/2025/ubs-lseg-announce-long-term-strategic-partnership,Multi-year data and analytics partnership announced July 2025.,3,5,2,0.8,0.95,1.0,0.842,0.0,1,0.782,3.64,4.25,15.47,0.0,0,15.47,False,False,High,True,High,"HIGH (15.5/25, L3.6 x I4.2); CONCENTRATION signal, confirmed, from audit finding (credibility 0.95); 1 independent kind(s) of source in 365d; 108d old (freshness 0.84); UBS link: confirmed (Multi-year data and analytics partnership announced July 2025); hard to replace (substitutability 2/5); ILLUSTRATIVE evidence (demo data, not a public source); classifier: Single data centre delivery introduces geographic concentration risk, confirmed by internal audit finding."
I0086,V002,Microsoft Corporation,2026-03-31,audit_finding,audit_finding,,Review notes vendor lock-in at Microsoft Corporation: proprietary data formats create high switching cost on exit.,ILLUSTRATIVE,CONCENTRATION,risk,confirmed,0.98,True,"Proprietary data formats and high switching costs indicate vendor lock-in, a concentration risk.",Cloud infrastructure & productivity,USA,CONFIRMED,https://www.ubs.com/global/en/media/display-page-ndp/en-20221020-cloud-partnership.html,"UBS named Azure its primary cloud; >50% of applications targeted, incl. critical workloads.",5,5,1,1.0,0.95,1.0,0.76,0.0,1,0.78,3.37,4.5,15.16,0.0,0,15.16,False,False,High,True,High,"HIGH (15.2/25, L3.4 x I4.5); CONCENTRATION signal, confirmed, from audit finding (credibility 0.95); 1 independent kind(s) of source in 365d; 175d old (freshness 0.76); UBS link: confirmed (UBS named Azure its primary cloud; >50% of applications targeted, incl. critical workloads); hard to replace (substitutability 1/5); ILLUSTRATIVE evidence (demo data, not a public source); classifier: Proprietary data formats and high switching costs indicate vendor lock-in, a concentration risk."
I0089,V002,Microsoft Corporation,2026-07-01,incident_ticket,incident_ticket,,Delivery delay at Microsoft Corporation pushed the migration milestone back by five weeks against the agreed plan.,ILLUSTRATIVE,OPERATIONAL,risk,confirmed,1.0,True,Delivery delay impacting project timeline indicates operational disruption or inefficiency at the vendor.,Cloud infrastructure & productivity,USA,CONFIRMED,https://www.ubs.com/global/en/media/display-page-ndp/en-20221020-cloud-partnership.html,"UBS named Azure its primary cloud; >50% of applications targeted, incl. critical workloads.",5,5,1,1.0,0.85,1.0,0.876,0.5,2,0.847,3.97,4.0,15.88,0.104,2,14.23,False,False,High,True,High,"HIGH (14.2/25, L4.0 x I4.0); OPERATIONAL signal, confirmed, from incident ticket (credibility 0.85); 2 independent kind(s) of source in 365d; 83d old (freshness 0.88); UBS link: confirmed (UBS named Azure its primary cloud; >50% of applications targeted, incl. critical workloads); hard to replace (substitutability 1/5); 2 positive signal(s) cut risk by 10%; ILLUSTRATIVE evidence (demo data, not a public source); classifier: Delivery delay impacting project timeline indicates operational disruption or inefficiency at the vendor."
I0083,V002,Microsoft Corporation,2026-06-08,incident_ticket,incident_ticket,,Escalation raised with Microsoft Corporation after missed SLA on incident response times in two consecutive reporting periods.,ILLUSTRATIVE,OPERATIONAL,risk,confirmed,0.98,True,"Missed SLA on incident response times indicates operational performance issues, confirmed by escalation.",Cloud infrastructure & productivity,USA,CONFIRMED,https://www.ubs.com/global/en/media/display-page-ndp/en-20221020-cloud-partnership.html,"UBS named Azure its primary cloud; >50% of applications targeted, incl. critical workloads.",5,5,1,1.0,0.85,1.0,0.845,0.5,2,0.844,3.85,4.0,15.4,0.104,2,13.8,False,False,High,True,High,"HIGH (13.8/25, L3.9 x I4.0); OPERATIONAL signal, confirmed, from incident ticket (credibility 0.85); 2 independent kind(s) of source in 365d; 106d old (freshness 0.84); UBS link: confirmed (UBS named Azure its primary cloud; >50% of applications targeted, incl. critical workloads); hard to replace (substitutability 1/5); 2 positive signal(s) cut risk by 10%; ILLUSTRATIVE evidence (demo data, not a public source); classifier: Missed SLA on incident response times indicates operational performance issues, confirmed by escalation."
I0130,V006,BlackRock,2026-01-02,audit_finding,audit_finding,,Review of systems in scope for BlackRock identified unpatched end-of-life software on internet-facing hosts.,ILLUSTRATIVE,CYBER,risk,confirmed,0.98,True,Unpatched end-of-life software on internet-facing hosts indicates a confirmed cybersecurity risk exposure.,Portfolio & risk platform,USA,REPORTED,https://www.swissinfo.ch/eng/ubs-ditches-blackrocks-aladdin-platform-to-cut-fund-unit-costs/89728633,UBS reported to have terminated the Aladdin contract in 2025 (press reporting).,4,4,3,0.733,0.95,1.0,0.666,0.0,1,0.78,3.08,4.25,13.09,0.0,0,13.09,False,False,High,True,High,"HIGH (13.1/25, L3.1 x I4.2); CYBER signal, confirmed, from audit finding (credibility 0.95); 1 independent kind(s) of source in 365d; 263d old (freshness 0.67); UBS link: reported (UBS reported to have terminated the Aladdin contract in 2025 (press reporting)); data sensitivity 4/5; ILLUSTRATIVE evidence (demo data, not a public source); classifier: Unpatched end-of-life software on internet-facing hosts indicates a confirmed cybersecurity risk exposure."
I0193,V012,Infosys,2025-11-25,audit_finding,audit_finding,,Review of systems in scope for Infosys identified unpatched end-of-life software on internet-facing hosts.,ILLUSTRATIVE,CYBER,risk,confirmed,0.98,True,"Unpatched end-of-life software on internet-facing hosts indicates a cybersecurity vulnerability, confirmed by audit findings.",IT services & BPO,India,REPORTED,https://www.finews.com/news/english-news/46514-ubs-cognizant-technology-outsourcing-mike-dargan,Reported to have picked up consultants after the UBS-Cognizant wind-down. Not confirmed by UBS.,4,3,4,0.6,0.95,1.0,0.63,0.5,2,0.88,3.22,4.04,13.01,0.0,0,13.01,False,False,High,True,High,"HIGH (13.0/25, L3.2 x I4.0); CYBER signal, confirmed, from audit finding (credibility 0.95); 2 independent kind(s) of source in 365d; 301d old (freshness 0.63); UBS link: reported (Reported to have picked up consultants after the UBS-Cognizant wind-down. Not confirmed by UBS); data sensitivity 4/5; ILLUSTRATIVE evidence (demo data, not a public source); classifier: Unpatched end-of-life software on internet-facing hosts indicates a cybersecurity vulnerability, confirmed by audit findings."
I0082,V002,Microsoft Corporation,2026-03-28,audit_finding,audit_finding,,"Engagement review noted key-person dependency at Microsoft Corporation, with a single named individual covering the critical integration.",ILLUSTRATIVE,OPERATIONAL,risk,corroborated,0.98,True,"Key-person dependency identified in a critical integration function, indicating operational risk exposure.",Cloud infrastructure & productivity,USA,CONFIRMED,https://www.ubs.com/global/en/media/display-page-ndp/en-20221020-cloud-partnership.html,"UBS named Azure its primary cloud; >50% of applications targeted, incl. critical workloads.",5,5,1,1.0,0.95,0.85,0.756,0.5,2,0.834,3.52,4.0,14.08,0.104,2,12.62,False,False,High,True,High,"HIGH (12.6/25, L3.5 x I4.0); OPERATIONAL signal, corroborated, from audit finding (credibility 0.95); 2 independent kind(s) of source in 365d; 178d old (freshness 0.76); UBS link: confirmed (UBS named Azure its primary cloud; >50% of applications targeted, incl. critical workloads); hard to replace (substitutability 1/5); 2 positive signal(s) cut risk by 10%; ILLUSTRATIVE evidence (demo data, not a public source); classifier: Key-person dependency identified in a critical integration function, indicating operational risk exposure."
R0036,V001,Chain IQ Group AG,2025-06-12,incident_ticket,INCIBE-CERT,https://www.incibe.es/en/incibe-cert/publications/cybersecurity-highlights/chain-iq-data-breach-affects-major-banks-and-companies-switzerland,Chain IQ Group AG was targeted in a cyberattack alongside 19 other companies. Chain IQ said the incident was contained after 8 hours and 45 minutes by revoking the attackers' access to the affected environment.,REAL,CYBER,risk,confirmed,0.98,True,"Explicit mention of a cyberattack targeting Chain IQ Group AG with confirmed containment details, indicating a verified cybersecurity risk.",Sourcing & procurement BPO,Switzerland,CONFIRMED,https://www.ubs.com/global/en/our-firm/suppliers/governance.html,Named by UBS as its strategic sourcing partner; spun off from UBS in 2013.,5,4,2,0.867,0.85,1.0,0.5,0.0,1,0.744,2.49,5.0,12.45,0.0,0,12.45,False,False,High,True,High,"HIGH (12.4/25, L2.5 x I5.0); CYBER signal, confirmed, from incident ticket (credibility 0.85); 1 independent kind(s) of source in 365d; 467d old (freshness 0.50); UBS link: confirmed (Named by UBS as its strategic sourcing partner; spun off from UBS in 2013); data sensitivity 5/5; classifier: Explicit mention of a cyberattack targeting Chain IQ Group AG with confirmed containment details, indicating a verified cybersecurity risk."
I0107,V004,Broadridge Financial Solutions,2026-05-18,vendor_questionnaire,vendor_questionnaire,,Broadridge Financial Solutions sub-contracts part of core delivery to a single fourth-party operating from one region.,ILLUSTRATIVE,CONCENTRATION,risk,confirmed,1.0,True,Single fourth-party dependency for core delivery introduces concentration risk due to sole sourcing and geographic limitation.,Wealth platform & post-trade,USA,CONFIRMED,https://www.broadridge.com/press-release/2018/broadridge-and-ubs-americas-to-redefine-wm-technology,UBS Wealth Management USA anchor client; UBS also live on Broadridge DLR repo.,5,4,2,0.867,0.55,1.0,0.818,0.0,1,0.642,3.1,4.0,12.4,0.0,0,12.4,False,False,High,True,High,"HIGH (12.4/25, L3.1 x I4.0); CONCENTRATION signal, confirmed, from vendor questionnaire (credibility 0.55); 1 independent kind(s) of source in 365d; 127d old (freshness 0.82); UBS link: confirmed (UBS Wealth Management USA anchor client; UBS also live on Broadridge DLR repo); hard to replace (substitutability 2/5); ILLUSTRATIVE evidence (demo data, not a public source); classifier: Single fourth-party dependency for core delivery introduces concentration risk due to sole sourcing and geographic limitation."
I0080,V001,Chain IQ Group AG,2025-12-19,audit_finding,audit_finding,,Contract review found the Chain IQ Group AG engagement lacks documented evidence of data-residency controls agreed in the schedule.,ILLUSTRATIVE,COMPLIANCE,risk,corroborated,0.98,True,"Audit finding indicates missing documented evidence for agreed data-residency controls, which is a compliance deficiency.",Sourcing & procurement BPO,Switzerland,CONFIRMED,https://www.ubs.com/global/en/our-firm/suppliers/governance.html,Named by UBS as its strategic sourcing partner; spun off from UBS in 2013.,5,4,2,0.867,0.95,0.85,0.652,0.0,1,0.734,2.92,4.75,13.87,0.111,3,12.33,False,False,High,True,High,"HIGH (12.3/25, L2.9 x I4.8); COMPLIANCE signal, corroborated, from audit finding (credibility 0.95); 1 independent kind(s) of source in 365d; 277d old (freshness 0.65); UBS link: confirmed (Named by UBS as its strategic sourcing partner; spun off from UBS in 2013); data sensitivity 5/5; 3 positive signal(s) cut risk by 11%; ILLUSTRATIVE evidence (demo data, not a public source); classifier: Audit finding indicates missing documented evidence for agreed data-residency controls, which is a compliance deficiency."
R0038,V001,Chain IQ Group AG,2025-06-18,news_article,Infosecurity Magazine,https://www.infosecurity-magazine.com/news/ubs-employee-data-exposed-third/,"The data stolen from Chain IQ Group AG included UBS employee business contact details, phone numbers, job roles and office locations. The direct phone number of UBS chief executive Sergio Ermotti was reportedly among the published records.",REAL,CYBER,risk,confirmed,0.98,True,"Confirmed data breach involving sensitive UBS employee and executive contact information, indicating a significant cybersecurity risk exposure.",Sourcing & procurement BPO,Switzerland,CONFIRMED,https://www.ubs.com/global/en/our-firm/suppliers/governance.html,Named by UBS as its strategic sourcing partner; spun off from UBS in 2013.,5,4,2,0.867,0.75,1.0,0.504,0.0,1,0.71,2.43,5.0,12.15,0.0,0,12.15,False,False,High,True,High,"HIGH (12.2/25, L2.4 x I5.0); CYBER signal, confirmed, from news article (credibility 0.75); 1 independent kind(s) of source in 365d; 461d old (freshness 0.50); UBS link: confirmed (Named by UBS as its strategic sourcing partner; spun off from UBS in 2013); data sensitivity 5/5; classifier: Confirmed data breach involving sensitive UBS employee and executive contact information, indicating a significant cybersecurity risk exposure."
R0037,V001,Chain IQ Group AG,2025-06-18,news_article,Infosecurity Magazine,https://www.infosecurity-magazine.com/news/ubs-employee-data-exposed-third/,"UBS confirmed that data on around 130,000 UBS employees was published on the dark web following the ransomware attack on its supplier Chain IQ Group AG. UBS stated that no client data was affected.",REAL,CYBER,risk,confirmed,0.99,True,"Confirmed ransomware attack on vendor Chain IQ Group AG leading to exposure of UBS employee data on the dark web, indicating a cybersecurity risk.",Sourcing & procurement BPO,Switzerland,CONFIRMED,https://www.ubs.com/global/en/our-firm/suppliers/governance.html,Named by UBS as its strategic sourcing partner; spun off from UBS in 2013.,5,4,2,0.867,0.75,1.0,0.504,0.0,1,0.711,2.43,5.0,12.15,0.0,0,12.15,False,False,High,True,High,"HIGH (12.2/25, L2.4 x I5.0); CYBER signal, confirmed, from news article (credibility 0.75); 1 independent kind(s) of source in 365d; 461d old (freshness 0.50); UBS link: confirmed (Named by UBS as its strategic sourcing partner; spun off from UBS in 2013); data sensitivity 5/5; classifier: Confirmed ransomware attack on vendor Chain IQ Group AG leading to exposure of UBS employee data on the dark web, indicating a cybersecurity risk."
R0040,V001,Chain IQ Group AG,2025-06-20,news_article,SecurityWeek,https://www.securityweek.com/chain-iq-ubs-data-stolen-in-ransomware-attack/,"Swiss private bank Pictet confirmed it had suffered a data breach as a result of the attack on Chain IQ Group AG, saying the stolen information was limited to invoice data with suppliers and did not include client data.",REAL,CYBER,risk,confirmed,0.98,True,"Confirmed data breach at Chain IQ Group AG with direct impact on a client (Pictet), though limited to supplier invoice data and not client data. Still a cybersecurity incident indicating risk exposure.",Sourcing & procurement BPO,Switzerland,CONFIRMED,https://www.ubs.com/global/en/our-firm/suppliers/governance.html,Named by UBS as its strategic sourcing partner; spun off from UBS in 2013.,5,4,2,0.867,0.75,1.0,0.506,0.0,1,0.71,2.43,5.0,12.15,0.0,0,12.15,False,False,High,True,High,"HIGH (12.2/25, L2.4 x I5.0); CYBER signal, confirmed, from news article (credibility 0.75); 1 independent kind(s) of source in 365d; 459d old (freshness 0.51); UBS link: confirmed (Named by UBS as its strategic sourcing partner; spun off from UBS in 2013); data sensitivity 5/5; classifier: Confirmed data breach at Chain IQ Group AG with direct impact on a client (Pictet), though limited to supplier invoice data and not client data. Still a cybersecurity incident indicating risk exposure."
R0035,V001,Chain IQ Group AG,2025-06-11,news_article,SecurityWeek,https://www.securityweek.com/chain-iq-ubs-data-stolen-in-ransomware-attack/,"The ransomware group World Leaks added Chain IQ Group AG to its leak site, claiming the theft of roughly 910 GB of data amounting to more than 1.9 million files.",REAL,CYBER,risk,confirmed,0.98,True,"Ransomware group claimed data theft from Chain IQ Group AG, indicating a confirmed cybersecurity incident with potential exposure of sensitive data.",Sourcing & procurement BPO,Switzerland,CONFIRMED,https://www.ubs.com/global/en/our-firm/suppliers/governance.html,Named by UBS as its strategic sourcing partner; spun off from UBS in 2013.,5,4,2,0.867,0.75,1.0,0.499,0.0,1,0.71,2.42,5.0,12.1,0.0,0,12.1,False,False,High,True,High,"HIGH (12.1/25, L2.4 x I5.0); CYBER signal, confirmed, from news article (credibility 0.75); 1 independent kind(s) of source in 365d; 468d old (freshness 0.50); UBS link: confirmed (Named by UBS as its strategic sourcing partner; spun off from UBS in 2013); data sensitivity 5/5; classifier: Ransomware group claimed data theft from Chain IQ Group AG, indicating a confirmed cybersecurity incident with potential exposure of sensitive data."
I0105,V003,LSEG,2025-10-08,audit_finding,audit_finding,,"Assessment records LSEG as the sole source for this service line, with no viable alternative provider identified.",ILLUSTRATIVE,CONCENTRATION,risk,confirmed,1.0,True,"The finding explicitly states LSEG is the sole source for the service line with no viable alternative provider, indicating a critical concentration risk.",Market data & analytics,UK,CONFIRMED,https://www.lseg.com/en/media-centre/press-releases/2025/ubs-lseg-announce-long-term-strategic-partnership,Multi-year data and analytics partnership announced July 2025.,3,5,2,0.8,0.95,1.0,0.588,0.0,1,0.782,2.84,4.25,12.07,0.0,0,12.07,False,False,High,True,High,"HIGH (12.1/25, L2.8 x I4.2); CONCENTRATION signal, confirmed, from audit finding (credibility 0.95); 1 independent kind(s) of source in 365d; 349d old (freshness 0.59); UBS link: confirmed (Multi-year data and analytics partnership announced July 2025); hard to replace (substitutability 2/5); ILLUSTRATIVE evidence (demo data, not a public source); classifier: The finding explicitly states LSEG is the sole source for the service line with no viable alternative provider, indicating a critical concentration risk."
I0104,V003,LSEG,2026-03-10,audit_finding,audit_finding,,Contract review found the LSEG engagement lacks documented evidence of data-residency controls agreed in the schedule.,ILLUSTRATIVE,COMPLIANCE,risk,corroborated,0.98,True,"Audit finding indicates missing documented evidence for agreed data-residency controls, which is a compliance gap.",Market data & analytics,UK,CONFIRMED,https://www.lseg.com/en/media-centre/press-releases/2025/ubs-lseg-announce-long-term-strategic-partnership,Multi-year data and analytics partnership announced July 2025.,3,5,2,0.8,0.95,0.85,0.736,0.0,1,0.734,3.16,4.5,14.22,0.17,3,11.8,False,False,High,True,High,"HIGH (11.8/25, L3.2 x I4.5); COMPLIANCE signal, corroborated, from audit finding (credibility 0.95); 1 independent kind(s) of source in 365d; 196d old (freshness 0.74); UBS link: confirmed (Multi-year data and analytics partnership announced July 2025); data sensitivity 3/5; 3 positive signal(s) cut risk by 17%; ILLUSTRATIVE evidence (demo data, not a public source); classifier: Audit finding indicates missing documented evidence for agreed data-residency controls, which is a compliance gap."
R0041,V001,Chain IQ Group AG,2025-06-24,news_article,SecurityWeek,https://www.securityweek.com/chain-iq-ubs-data-stolen-in-ransomware-attack/,"The group behind the Chain IQ Group AG attack, World Leaks, was previously known as Hunters International and operates a data-extortion leak site.",REAL,CYBER,risk,corroborated,0.98,True,"The text explicitly links Chain IQ Group AG to a cyberattack by a known ransomware group (World Leaks, formerly Hunters International), indicating a confirmed cybersecurity incident with data extortion risks.",Sourcing & procurement BPO,Switzerland,CONFIRMED,https://www.ubs.com/global/en/our-firm/suppliers/governance.html,Named by UBS as its strategic sourcing partner; spun off from UBS in 2013.,5,4,2,0.867,0.75,0.85,0.508,0.0,1,0.664,2.35,5.0,11.75,0.0,0,11.75,False,False,High,True,High,"HIGH (11.8/25, L2.4 x I5.0); CYBER signal, corroborated, from news article (credibility 0.75); 1 independent kind(s) of source in 365d; 455d old (freshness 0.51); UBS link: confirmed (Named by UBS as its strategic sourcing partner; spun off from UBS in 2013); data sensitivity 5/5; classifier: The text explicitly links Chain IQ Group AG to a cyberattack by a known ransomware group (World Leaks, formerly Hunters International), indicating a confirmed cybersecurity incident with data extortion risks."
I0149,V007,SIX Group,2026-01-17,audit_finding,audit_finding,,"Assessment records SIX Group as the sole source for this service line, with no viable alternative provider identified.",ILLUSTRATIVE,CONCENTRATION,risk,confirmed,1.0,True,"Explicit statement of sole source with no alternative provider identified, indicating high concentration risk.",Digital asset issuance venue,Switzerland,CONFIRMED,https://www.sdx.com/,UBS among issuers on the SIX Digital Exchange platform.,3,3,2,0.667,0.95,1.0,0.681,0.0,1,0.782,3.13,3.75,11.74,0.0,0,11.74,False,False,High,True,High,"HIGH (11.7/25, L3.1 x I3.8); CONCENTRATION signal, confirmed, from audit finding (credibility 0.95); 1 independent kind(s) of source in 365d; 248d old (freshness 0.68); UBS link: confirmed (UBS among issuers on the SIX Digital Exchange platform); hard to replace (substitutability 2/5); ILLUSTRATIVE evidence (demo data, not a public source); classifier: Explicit statement of sole source with no alternative provider identified, indicating high concentration risk."
I0118,V005,Cognizant Technology Solutions,2025-05-10,audit_finding,audit_finding,,Control review of the Cognizant Technology Solutions engagement found MFA not enforced for administrator accounts on the shared environment.,ILLUSTRATIVE,CYBER,risk,confirmed,0.98,True,"Audit finding confirms lack of MFA enforcement for admin accounts, indicating a cybersecurity control deficiency.",IT & business process outsourcing,USA,CONFIRMED,https://news.cognizant.com/newsannouncements?item=20231,Acquired UBS India Service Centre in 2009; UBS later insourced and exited.,4,3,4,0.6,0.95,1.0,0.479,0.0,1,0.78,2.49,4.75,11.83,0.017,1,11.63,False,False,High,True,High,"HIGH (11.6/25, L2.5 x I4.8); CYBER signal, confirmed, from audit finding (credibility 0.95); 1 independent kind(s) of source in 365d; 500d old (freshness 0.48); UBS link: confirmed (Acquired UBS India Service Centre in 2009; UBS later insourced and exited); data sensitivity 4/5; 1 positive signal(s) cut risk by 2%; ILLUSTRATIVE evidence (demo data, not a public source); classifier: Audit finding confirms lack of MFA enforcement for admin accounts, indicating a cybersecurity control deficiency."
I0103,V003,LSEG,2025-06-21,incident_ticket,incident_ticket,,Phishing simulation across the LSEG engagement showed click rates above the agreed threshold.,ILLUSTRATIVE,CYBER,risk,corroborated,1.0,True,Phishing simulation results indicating click rates above agreed thresholds represent a cybersecurity risk exposure for LSEG.,Market data & analytics,UK,CONFIRMED,https://www.lseg.com/en/media-centre/press-releases/2025/ubs-lseg-announce-long-term-strategic-partnership,Multi-year data and analytics partnership announced July 2025.,3,5,2,0.8,0.85,0.85,0.506,0.0,1,0.702,2.42,5.0,12.1,0.048,2,11.52,False,False,High,True,High,"HIGH (11.5/25, L2.4 x I5.0); CYBER signal, corroborated, from incident ticket (credibility 0.85); 1 independent kind(s) of source in 365d; 458d old (freshness 0.51); UBS link: confirmed (Multi-year data and analytics partnership announced July 2025); data sensitivity 3/5; 2 positive signal(s) cut risk by 5%; ILLUSTRATIVE evidence (demo data, not a public source); classifier: Phishing simulation results indicating click rates above agreed thresholds represent a cybersecurity risk exposure for LSEG."
R0073,V003,LSEG,2025-07-22,regulatory_filing,LSEG press release,https://www.lseg.com/en/media-centre/press-releases/2025/ubs-lseg-announce-long-term-strategic-partnership,"UBS and LSEG announced a multi-year partnership in which UBS adopts the full LSEG suite across asset classes and the trade lifecycle, consolidating market data onto a single provider.",REAL,CONCENTRATION,risk,confirmed,0.98,True,"Consolidation onto a single provider (LSEG) for market data across asset classes and the trade lifecycle indicates sole-source dependency, increasing concentration risk.",Market data & analytics,UK,CONFIRMED,https://www.lseg.com/en/media-centre/press-releases/2025/ubs-lseg-announce-long-term-strategic-partnership,Multi-year data and analytics partnership announced July 2025.,3,5,2,0.8,1.0,1.0,0.528,0.0,1,0.797,2.68,4.25,11.39,0.0,0,11.39,False,False,High,True,High,"HIGH (11.4/25, L2.7 x I4.2); CONCENTRATION signal, confirmed, from regulatory filing (credibility 1.00); 1 independent kind(s) of source in 365d; 427d old (freshness 0.53); UBS link: confirmed (Multi-year data and analytics partnership announced July 2025); hard to replace (substitutability 2/5); classifier: Consolidation onto a single provider (LSEG) for market data across asset classes and the trade lifecycle indicates sole-source dependency, increasing concentration risk."
I0160,V008,ION Group,2026-05-21,audit_finding,audit_finding,,Contract review found the ION Group engagement lacks documented evidence of data-residency controls agreed in the schedule.,ILLUSTRATIVE,COMPLIANCE,risk,confirmed,0.98,True,"Audit finding confirms lack of documented evidence for agreed data-residency controls, indicating a compliance gap.",Trading & derivatives software,UK,INDUSTRY,,Major trading-software provider to banks. No UBS relationship claimed.,4,5,1,0.933,0.95,1.0,0.822,0.0,1,0.78,3.56,3.09,11.0,0.0,0,11.0,False,False,High,True,High,"HIGH (11.0/25, L3.6 x I3.1); COMPLIANCE signal, confirmed, from audit finding (credibility 0.95); 1 independent kind(s) of source in 365d; 124d old (freshness 0.82); UBS link: industry (Major trading-software provider to banks. No UBS relationship claimed); data sensitivity 4/5; ILLUSTRATIVE evidence (demo data, not a public source); classifier: Audit finding confirms lack of documented evidence for agreed data-residency controls, indicating a compliance gap."
I0090,V002,Microsoft Corporation,2025-04-04,audit_finding,audit_finding,,Exit plan tested for Microsoft Corporation; a second source was onboarded for 30% of volume.,ILLUSTRATIVE,CONCENTRATION,risk,confirmed,1.0,True,"Exit plan testing revealed sole-source dependency for Microsoft Corporation, mitigated by onboarding a second source for 30% of volume, indicating reduced but still present concentration risk.",Cloud infrastructure & productivity,USA,CONFIRMED,https://www.ubs.com/global/en/media/display-page-ndp/en-20221020-cloud-partnership.html,"UBS named Azure its primary cloud; >50% of applications targeted, incl. critical workloads.",5,5,1,1.0,0.95,1.0,0.457,0.0,1,0.782,2.43,4.5,10.94,0.0,0,10.94,False,False,High,True,High,"HIGH (10.9/25, L2.4 x I4.5); CONCENTRATION signal, confirmed, from audit finding (credibility 0.95); 1 independent kind(s) of source in 365d; 536d old (freshness 0.46); UBS link: confirmed (UBS named Azure its primary cloud; >50% of applications targeted, incl. critical workloads); hard to replace (substitutability 1/5); ILLUSTRATIVE evidence (demo data, not a public source); classifier: Exit plan testing revealed sole-source dependency for Microsoft Corporation, mitigated by onboarding a second source for 30% of volume, indicating reduced but still present concentration risk."
I0094,V003,LSEG,2025-01-04,audit_finding,audit_finding,,Control review of the LSEG engagement found MFA not enforced for administrator accounts on the shared environment.,ILLUSTRATIVE,CYBER,risk,confirmed,0.98,True,"Audit finding confirms lack of MFA enforcement for administrator accounts in a shared environment, indicating a cybersecurity risk.",Market data & analytics,UK,CONFIRMED,https://www.lseg.com/en/media-centre/press-releases/2025/ubs-lseg-announce-long-term-strategic-partnership,Multi-year data and analytics partnership announced July 2025.,3,5,2,0.8,0.95,1.0,0.409,0.0,1,0.78,2.27,5.0,11.35,0.048,2,10.81,False,False,High,True,High,"HIGH (10.8/25, L2.3 x I5.0); CYBER signal, confirmed, from audit finding (credibility 0.95); 1 independent kind(s) of source in 365d; 626d old (freshness 0.41); UBS link: confirmed (Multi-year data and analytics partnership announced July 2025); data sensitivity 3/5; 2 positive signal(s) cut risk by 5%; ILLUSTRATIVE evidence (demo data, not a public source); classifier: Audit finding confirms lack of MFA enforcement for administrator accounts in a shared environment, indicating a cybersecurity risk."
I0172,V010,CrowdStrike Holdings,2026-03-28,audit_finding,audit_finding,,"Access recertification for CrowdStrike Holdings was overdue, with dormant privileged accounts still active on the engagement.",ILLUSTRATIVE,COMPLIANCE,risk,confirmed,1.0,True,"Audit finding indicates overdue access recertification and active dormant privileged accounts, which are compliance violations and security risks.",Endpoint security,USA,INDUSTRY,,Endpoint security vendor widely used in financial services. No UBS relationship claimed.,5,5,2,0.933,0.95,1.0,0.756,0.0,1,0.782,3.37,3.25,10.95,0.022,1,10.71,False,False,High,True,High,"HIGH (10.7/25, L3.4 x I3.2); COMPLIANCE signal, confirmed, from audit finding (credibility 0.95); 1 independent kind(s) of source in 365d; 178d old (freshness 0.76); UBS link: industry (Endpoint security vendor widely used in financial services. No UBS relationship claimed); data sensitivity 5/5; 1 positive signal(s) cut risk by 2%; ILLUSTRATIVE evidence (demo data, not a public source); classifier: Audit finding indicates overdue access recertification and active dormant privileged accounts, which are compliance violations and security risks."
I0189,V011,Progress Software,2026-03-14,audit_finding,audit_finding,,Review of systems in scope for Progress Software identified unpatched end-of-life software on internet-facing hosts.,ILLUSTRATIVE,CYBER,risk,confirmed,0.98,True,"Unpatched end-of-life software on internet-facing hosts indicates a cybersecurity vulnerability, confirmed by an audit finding.",Managed file transfer,USA,INDUSTRY,,"MOVEit file transfer, widely embedded in financial supply chains. No UBS relationship claimed.",5,3,3,0.733,0.95,1.0,0.74,0.0,1,0.78,3.31,3.25,10.76,0.017,1,10.58,False,False,High,True,High,"HIGH (10.6/25, L3.3 x I3.2); CYBER signal, confirmed, from audit finding (credibility 0.95); 1 independent kind(s) of source in 365d; 192d old (freshness 0.74); UBS link: industry (MOVEit file transfer, widely embedded in financial supply chains. No UBS relationship claimed); data sensitivity 5/5; 1 positive signal(s) cut risk by 2%; ILLUSTRATIVE evidence (demo data, not a public source); classifier: Unpatched end-of-life software on internet-facing hosts indicates a cybersecurity vulnerability, confirmed by an audit finding."
R0061,V012,Infosys,2025-03-20,regulatory_filing,Class action settlement,https://www.tipranks.com/news/the-fly/list-of-victims-breached-in-moveit-hack-keeps-climbing-bank-info-security-says,Infosys McCamish Systems agreed to a USD 17.5 million settlement to resolve six class action lawsuits filed in connection with the November 2023 ransomware attack on Infosys McCamish.,REAL,CYBER,risk,confirmed,1.0,True,Class action settlement related to a ransomware attack indicates confirmed cybersecurity risk exposure.,IT services & BPO,India,REPORTED,https://www.finews.com/news/english-news/46514-ubs-cognizant-technology-outsourcing-mike-dargan,Reported to have picked up consultants after the UBS-Cognizant wind-down. Not confirmed by UBS.,4,3,4,0.6,1.0,1.0,0.449,0.5,2,0.9,2.61,4.04,10.54,0.0,0,10.54,False,False,High,True,High,"HIGH (10.5/25, L2.6 x I4.0); CYBER signal, confirmed, from regulatory filing (credibility 1.00); 2 independent kind(s) of source in 365d; 551d old (freshness 0.45); UBS link: reported (Reported to have picked up consultants after the UBS-Cognizant wind-down. Not confirmed by UBS); data sensitivity 4/5; classifier: Class action settlement related to a ransomware attack indicates confirmed cybersecurity risk exposure."
I0159,V008,ION Group,2025-12-23,audit_finding,audit_finding,,Review of systems in scope for ION Group identified unpatched end-of-life software on internet-facing hosts.,ILLUSTRATIVE,CYBER,risk,confirmed,0.98,True,"Unpatched end-of-life software on internet-facing hosts indicates a known vulnerability with potential for exploitation, confirming a cybersecurity risk.",Trading & derivatives software,UK,INDUSTRY,,Major trading-software provider to banks. No UBS relationship claimed.,4,5,1,0.933,0.95,1.0,0.656,0.0,1,0.78,3.05,3.41,10.4,0.021,1,10.18,False,False,High,True,High,"HIGH (10.2/25, L3.0 x I3.4); CYBER signal, confirmed, from audit finding (credibility 0.95); 1 independent kind(s) of source in 365d; 273d old (freshness 0.66); UBS link: industry (Major trading-software provider to banks. No UBS relationship claimed); data sensitivity 4/5; 1 positive signal(s) cut risk by 2%; ILLUSTRATIVE evidence (demo data, not a public source); classifier: Unpatched end-of-life software on internet-facing hosts indicates a known vulnerability with potential for exploitation, confirming a cybersecurity risk."
I0079,V001,Chain IQ Group AG,2025-12-27,incident_ticket,incident_ticket,,Chain IQ Group AG reported degraded performance and a growing backlog in overnight batch processing on the managed service.,ILLUSTRATIVE,OPERATIONAL,risk,confirmed,0.98,True,"Degraded performance and growing backlog in overnight batch processing indicate operational inefficiencies or failures, which pose a risk to service delivery.",Sourcing & procurement BPO,Switzerland,CONFIRMED,https://www.ubs.com/global/en/our-firm/suppliers/governance.html,Named by UBS as its strategic sourcing partner; spun off from UBS in 2013.,5,4,2,0.867,0.85,1.0,0.66,0.0,1,0.744,2.97,3.5,10.4,0.025,1,10.14,False,False,High,True,High,"HIGH (10.1/25, L3.0 x I3.5); OPERATIONAL signal, confirmed, from incident ticket (credibility 0.85); 1 independent kind(s) of source in 365d; 269d old (freshness 0.66); UBS link: confirmed (Named by UBS as its strategic sourcing partner; spun off from UBS in 2013); hard to replace (substitutability 2/5); 1 positive signal(s) cut risk by 2%; ILLUSTRATIVE evidence (demo data, not a public source); classifier: Degraded performance and growing backlog in overnight batch processing indicate operational inefficiencies or failures, which pose a risk to service delivery."
I0146,V007,SIX Group,2026-03-25,audit_finding,audit_finding,,Internal review found SIX Group has no tested disaster recovery plan for the service provided under this engagement; the last failover test failed.,ILLUSTRATIVE,OPERATIONAL,risk,confirmed,0.98,True,Internal audit finding confirms a critical operational risk: lack of tested disaster recovery plan and failed failover test for the vendor's service.,Digital asset issuance venue,Switzerland,CONFIRMED,https://www.sdx.com/,UBS among issuers on the SIX Digital Exchange platform.,3,3,2,0.667,0.95,1.0,0.753,0.0,1,0.78,3.35,3.25,10.89,0.085,2,9.96,False,False,Medium,False,Medium,"MEDIUM (10.0/25, L3.4 x I3.2); OPERATIONAL signal, confirmed, from audit finding (credibility 0.95); 1 independent kind(s) of source in 365d; 181d old (freshness 0.75); UBS link: confirmed (UBS among issuers on the SIX Digital Exchange platform); hard to replace (substitutability 2/5); 2 positive signal(s) cut risk by 8%; ILLUSTRATIVE evidence (demo data, not a public source); classifier: Internal audit finding confirms a critical operational risk: lack of tested disaster recovery plan and failed failover test for the vendor's service."
I0152,V007,SIX Group,2025-07-16,audit_finding,audit_finding,,Review notes vendor lock-in at SIX Group: proprietary data formats create high switching cost on exit.,ILLUSTRATIVE,CONCENTRATION,risk,confirmed,0.98,True,"Proprietary data formats and high switching costs indicate vendor lock-in, a concentration risk due to lack of alternatives or portability.",Digital asset issuance venue,Switzerland,CONFIRMED,https://www.sdx.com/,UBS among issuers on the SIX Digital Exchange platform.,3,3,2,0.667,0.95,1.0,0.524,0.0,1,0.78,2.63,3.75,9.86,0.0,0,9.86,False,False,Medium,False,Medium,"MEDIUM (9.9/25, L2.6 x I3.8); CONCENTRATION signal, confirmed, from audit finding (credibility 0.95); 1 independent kind(s) of source in 365d; 433d old (freshness 0.52); UBS link: confirmed (UBS among issuers on the SIX Digital Exchange platform); hard to replace (substitutability 2/5); ILLUSTRATIVE evidence (demo data, not a public source); classifier: Proprietary data formats and high switching costs indicate vendor lock-in, a concentration risk due to lack of alternatives or portability."
I0158,V008,ION Group,2025-11-21,audit_finding,audit_finding,,Control review of the ION Group engagement found MFA not enforced for administrator accounts on the shared environment.,ILLUSTRATIVE,CYBER,risk,confirmed,0.98,True,"Audit finding confirms lack of MFA enforcement for admin accounts on shared environment, indicating a cybersecurity risk.",Trading & derivatives software,UK,INDUSTRY,,Major trading-software provider to banks. No UBS relationship claimed.,4,5,1,0.933,0.95,1.0,0.626,0.0,1,0.78,2.95,3.41,10.06,0.021,1,9.85,False,False,Medium,False,Medium,"MEDIUM (9.8/25, L3.0 x I3.4); CYBER signal, confirmed, from audit finding (credibility 0.95); 1 independent kind(s) of source in 365d; 305d old (freshness 0.63); UBS link: industry (Major trading-software provider to banks. No UBS relationship claimed); data sensitivity 4/5; 1 positive signal(s) cut risk by 2%; ILLUSTRATIVE evidence (demo data, not a public source); classifier: Audit finding confirms lack of MFA enforcement for admin accounts on shared environment, indicating a cybersecurity risk."
I0116,V004,Broadridge Financial Solutions,2025-04-21,audit_finding,audit_finding,,"Broadridge Financial Solutions delivers the engagement from a single data centre, creating geographic concentration risk.",ILLUSTRATIVE,CONCENTRATION,risk,confirmed,0.98,True,"Single data centre delivery introduces geographic concentration risk, confirmed by audit findings.",Wealth platform & post-trade,USA,CONFIRMED,https://www.broadridge.com/press-release/2018/broadridge-and-ubs-americas-to-redefine-wm-technology,UBS Wealth Management USA anchor client; UBS also live on Broadridge DLR repo.,5,4,2,0.867,0.95,1.0,0.467,0.0,1,0.78,2.46,4.0,9.84,0.0,0,9.84,False,False,Medium,False,Medium,"MEDIUM (9.8/25, L2.5 x I4.0); CONCENTRATION signal, confirmed, from audit finding (credibility 0.95); 1 independent kind(s) of source in 365d; 519d old (freshness 0.47); UBS link: confirmed (UBS Wealth Management USA anchor client; UBS also live on Broadridge DLR repo); hard to replace (substitutability 2/5); ILLUSTRATIVE evidence (demo data, not a public source); classifier: Single data centre delivery introduces geographic concentration risk, confirmed by audit findings."
R0039,V001,Chain IQ Group AG,2025-06-19,news_article,INCIBE-CERT,https://www.incibe.es/en/incibe-cert/publications/cybersecurity-highlights/chain-iq-data-breach-affects-major-banks-and-companies-switzerland,"The Chain IQ Group AG breach affected UBS, Pictet, Swiss Life, AXA, FedEx, IBM and Swisscom through a single vendor compromise, illustrating concentration risk in shared procurement providers.",REAL,CONCENTRATION,risk,confirmed,1.0,True,Breach affecting multiple major clients through a single vendor compromise highlights concentration risk in shared procurement providers.,Sourcing & procurement BPO,Switzerland,CONFIRMED,https://www.ubs.com/global/en/our-firm/suppliers/governance.html,Named by UBS as its strategic sourcing partner; spun off from UBS in 2013.,5,4,2,0.867,0.75,1.0,0.505,0.0,1,0.712,2.44,4.0,9.76,0.0,0,9.76,False,False,Medium,False,Medium,"MEDIUM (9.8/25, L2.4 x I4.0); CONCENTRATION signal, confirmed, from news article (credibility 0.75); 1 independent kind(s) of source in 365d; 460d old (freshness 0.51); UBS link: confirmed (Named by UBS as its strategic sourcing partner; spun off from UBS in 2013); hard to replace (substitutability 2/5); classifier: Breach affecting multiple major clients through a single vendor compromise highlights concentration risk in shared procurement providers."
I0119,V005,Cognizant Technology Solutions,2026-04-22,audit_finding,audit_finding,,"Access recertification for Cognizant Technology Solutions was overdue, with dormant privileged accounts still active on the engagement.",ILLUSTRATIVE,OPERATIONAL,risk,confirmed,0.98,True,"Audit finding confirms overdue access recertification and active dormant privileged accounts, indicating operational control weaknesses.",IT & business process outsourcing,USA,CONFIRMED,https://news.cognizant.com/newsannouncements?item=20231,Acquired UBS India Service Centre in 2009; UBS later insourced and exited.,4,3,4,0.6,0.95,1.0,0.786,0.5,2,0.88,3.76,2.75,10.34,0.088,2,9.43,False,False,Medium,False,Medium,"MEDIUM (9.4/25, L3.8 x I2.8); OPERATIONAL signal, confirmed, from audit finding (credibility 0.95); 2 independent kind(s) of source in 365d; 153d old (freshness 0.79); UBS link: confirmed (Acquired UBS India Service Centre in 2009; UBS later insourced and exited); 2 positive signal(s) cut risk by 9%; ILLUSTRATIVE evidence (demo data, not a public source); classifier: Audit finding confirms overdue access recertification and active dormant privileged accounts, indicating operational control weaknesses."
I0108,V004,Broadridge Financial Solutions,2025-10-08,incident_ticket,incident_ticket,,Service review with Broadridge Financial Solutions logged a major outage of 6h20m affecting the shared platform; downtime breached the contractual SLA for the third time this quarter.,ILLUSTRATIVE,OPERATIONAL,risk,confirmed,0.98,True,Major outage breaching SLA multiple times indicates operational reliability issues.,Wealth platform & post-trade,USA,CONFIRMED,https://www.broadridge.com/press-release/2018/broadridge-and-ubs-americas-to-redefine-wm-technology,UBS Wealth Management USA anchor client; UBS also live on Broadridge DLR repo.,5,4,2,0.867,0.85,1.0,0.588,0.0,1,0.744,2.75,3.5,9.62,0.04,2,9.24,False,False,Medium,False,Medium,"MEDIUM (9.2/25, L2.8 x I3.5); OPERATIONAL signal, confirmed, from incident ticket (credibility 0.85); 1 independent kind(s) of source in 365d; 349d old (freshness 0.59); UBS link: confirmed (UBS Wealth Management USA anchor client; UBS also live on Broadridge DLR repo); hard to replace (substitutability 2/5); 2 positive signal(s) cut risk by 4%; ILLUSTRATIVE evidence (demo data, not a public source); classifier: Major outage breaching SLA multiple times indicates operational reliability issues."
I0156,V008,ION Group,2026-01-27,audit_finding,audit_finding,,"Assessment records ION Group as the sole source for this service line, with no viable alternative provider identified.",ILLUSTRATIVE,CONCENTRATION,risk,confirmed,1.0,True,"The finding explicitly states ION Group is the sole source for the service line with no viable alternative provider, indicating a critical concentration risk.",Trading & derivatives software,UK,INDUSTRY,,Major trading-software provider to banks. No UBS relationship claimed.,4,5,1,0.933,0.95,1.0,0.691,0.0,1,0.782,3.16,2.92,9.23,0.0,0,9.23,False,False,Medium,False,Medium,"MEDIUM (9.2/25, L3.2 x I2.9); CONCENTRATION signal, confirmed, from audit finding (credibility 0.95); 1 independent kind(s) of source in 365d; 238d old (freshness 0.69); UBS link: industry (Major trading-software provider to banks. No UBS relationship claimed); hard to replace (substitutability 1/5); ILLUSTRATIVE evidence (demo data, not a public source); classifier: The finding explicitly states ION Group is the sole source for the service line with no viable alternative provider, indicating a critical concentration risk."
I0178,V010,CrowdStrike Holdings,2025-12-16,audit_finding,audit_finding,,"Assessment records CrowdStrike Holdings as the sole source for this service line, with no viable alternative provider identified.",ILLUSTRATIVE,CONCENTRATION,risk,confirmed,1.0,True,"Explicitly identified as the sole source with no viable alternative provider, indicating high concentration risk.",Endpoint security,USA,INDUSTRY,,Endpoint security vendor widely used in financial services. No UBS relationship claimed.,5,5,2,0.933,0.95,1.0,0.649,0.5,2,0.882,3.29,2.76,9.08,0.0,0,9.08,False,False,Medium,False,Medium,"MEDIUM (9.1/25, L3.3 x I2.8); CONCENTRATION signal, confirmed, from audit finding (credibility 0.95); 2 independent kind(s) of source in 365d; 280d old (freshness 0.65); UBS link: industry (Endpoint security vendor widely used in financial services. No UBS relationship claimed); hard to replace (substitutability 2/5); ILLUSTRATIVE evidence (demo data, not a public source); classifier: Explicitly identified as the sole source with no viable alternative provider, indicating high concentration risk."
I0121,V005,Cognizant Technology Solutions,2026-02-12,incident_ticket,incident_ticket,,Cognizant Technology Solutions reported degraded performance and a growing backlog in overnight batch processing on the managed service.,ILLUSTRATIVE,OPERATIONAL,risk,confirmed,0.98,True,Degraded performance and growing backlog in managed service operations indicate operational risk and potential service delivery issues.,IT & business process outsourcing,USA,CONFIRMED,https://news.cognizant.com/newsannouncements?item=20231,Acquired UBS India Service Centre in 2009; UBS later insourced and exited.,4,3,4,0.6,0.85,1.0,0.708,0.5,2,0.844,3.39,2.75,9.32,0.088,2,8.5,False,False,Medium,False,Medium,"MEDIUM (8.5/25, L3.4 x I2.8); OPERATIONAL signal, confirmed, from incident ticket (credibility 0.85); 2 independent kind(s) of source in 365d; 222d old (freshness 0.71); UBS link: confirmed (Acquired UBS India Service Centre in 2009; UBS later insourced and exited); 2 positive signal(s) cut risk by 9%; ILLUSTRATIVE evidence (demo data, not a public source); classifier: Degraded performance and growing backlog in managed service operations indicate operational risk and potential service delivery issues."
I0201,V012,Infosys,2025-08-21,audit_finding,audit_finding,,"Access recertification for Infosys was overdue, with dormant privileged accounts still active on the engagement.",ILLUSTRATIVE,COMPLIANCE,risk,confirmed,0.98,True,"Audit finding confirms overdue access recertification and active dormant privileged accounts, indicating a compliance risk related to security controls and access management.",IT services & BPO,India,REPORTED,https://www.finews.com/news/english-news/46514-ubs-cognizant-technology-outsourcing-mike-dargan,Reported to have picked up consultants after the UBS-Cognizant wind-down. Not confirmed by UBS.,4,3,4,0.6,0.95,1.0,0.55,0.0,1,0.78,2.71,3.61,9.78,0.134,3,8.47,False,False,Medium,False,Medium,"MEDIUM (8.5/25, L2.7 x I3.6); COMPLIANCE signal, confirmed, from audit finding (credibility 0.95); 1 independent kind(s) of source in 365d; 397d old (freshness 0.55); UBS link: reported (Reported to have picked up consultants after the UBS-Cognizant wind-down. Not confirmed by UBS); data sensitivity 4/5; 3 positive signal(s) cut risk by 13%; ILLUSTRATIVE evidence (demo data, not a public source); classifier: Audit finding confirms overdue access recertification and active dormant privileged accounts, indicating a compliance risk related to security controls and access management."
R0050,V009,Capita plc,2025-10-15,regulatory_filing,ICO enforcement,https://measuredcollective.com/ico-enforcement-in-2025-record-fines-and-what-they-mean/,Capita plc received the Information Commissioner's Office's largest ever settlement at GBP 14 million. The original proposed fine of GBP 45 million against Capita was reduced for settling early and not appealing.,REAL,COMPLIANCE,risk,confirmed,1.0,True,ICO enforcement action with significant financial penalty indicates regulatory non-compliance and heightened risk exposure.,Business process outsourcing,UK,INDUSTRY,,Large UK outsourcer serving financial services. No UBS relationship claimed.,5,3,3,0.733,1.0,1.0,0.594,0.5,2,0.9,3.14,2.92,9.17,0.094,2,8.31,False,False,Medium,False,Medium,"MEDIUM (8.3/25, L3.1 x I2.9); COMPLIANCE signal, confirmed, from regulatory filing (credibility 1.00); 2 independent kind(s) of source in 365d; 342d old (freshness 0.59); UBS link: industry (Large UK outsourcer serving financial services. No UBS relationship claimed); data sensitivity 5/5; 2 positive signal(s) cut risk by 9%; classifier: ICO enforcement action with significant financial penalty indicates regulatory non-compliance and heightened risk exposure."
I0210,V015,Equifax Inc.,2026-02-24,vendor_questionnaire,vendor_questionnaire,,Equifax Inc. has not yet returned the annual attestation for the current reporting period.,ILLUSTRATIVE,COMPLIANCE,risk,corroborated,1.0,True,"Failure to return an annual attestation indicates non-compliance with contractual or regulatory reporting requirements, posing a compliance risk.",Credit data & analytics,USA,INDUSTRY,,Credit bureau supplying data to financial institutions. No UBS relationship claimed.,5,4,2,0.867,0.55,0.85,0.72,0.0,1,0.598,2.72,3.09,8.4,0.023,1,8.21,False,False,Medium,False,Medium,"MEDIUM (8.2/25, L2.7 x I3.1); COMPLIANCE signal, corroborated, from vendor questionnaire (credibility 0.55); 1 independent kind(s) of source in 365d; 210d old (freshness 0.72); UBS link: industry (Credit bureau supplying data to financial institutions. No UBS relationship claimed); data sensitivity 5/5; 1 positive signal(s) cut risk by 2%; ILLUSTRATIVE evidence (demo data, not a public source); classifier: Failure to return an annual attestation indicates non-compliance with contractual or regulatory reporting requirements, posing a compliance risk."
I0174,V010,CrowdStrike Holdings,2025-08-05,incident_ticket,incident_ticket,,Phishing simulation across the CrowdStrike Holdings engagement showed click rates above the agreed threshold.,ILLUSTRATIVE,CONDUCT,risk,corroborated,0.98,True,"Phishing simulation results indicate elevated human risk exposure linked to the vendor's engagement, suggesting potential conduct-related vulnerabilities.",Endpoint security,USA,INDUSTRY,,Endpoint security vendor widely used in financial services. No UBS relationship claimed.,5,5,2,0.933,0.85,0.85,0.538,0.0,1,0.7,2.51,3.25,8.16,0.0,0,8.16,False,False,Medium,False,Medium,"MEDIUM (8.2/25, L2.5 x I3.2); CONDUCT signal, corroborated, from incident ticket (credibility 0.85); 1 independent kind(s) of source in 365d; 413d old (freshness 0.54); UBS link: industry (Endpoint security vendor widely used in financial services. No UBS relationship claimed); data sensitivity 5/5; ILLUSTRATIVE evidence (demo data, not a public source); classifier: Phishing simulation results indicate elevated human risk exposure linked to the vendor's engagement, suggesting potential conduct-related vulnerabilities."
I0176,V010,CrowdStrike Holdings,2025-11-27,vendor_questionnaire,vendor_questionnaire,,CrowdStrike Holdings sub-contracts part of core delivery to a single fourth-party operating from one region.,ILLUSTRATIVE,CONCENTRATION,risk,confirmed,0.98,True,Core delivery dependency on a single fourth-party in one region introduces significant concentration risk.,Endpoint security,USA,INDUSTRY,,Endpoint security vendor widely used in financial services. No UBS relationship claimed.,5,5,2,0.933,0.55,1.0,0.632,0.5,2,0.739,2.87,2.76,7.92,0.0,0,7.92,False,False,Medium,False,Medium,"MEDIUM (7.9/25, L2.9 x I2.8); CONCENTRATION signal, confirmed, from vendor questionnaire (credibility 0.55); 2 independent kind(s) of source in 365d; 299d old (freshness 0.63); UBS link: industry (Endpoint security vendor widely used in financial services. No UBS relationship claimed); hard to replace (substitutability 2/5); ILLUSTRATIVE evidence (demo data, not a public source); classifier: Core delivery dependency on a single fourth-party in one region introduces significant concentration risk."
I0128,V006,BlackRock,2026-03-01,audit_finding,audit_finding,,"Engagement review noted key-person dependency at BlackRock, with a single named individual covering the critical integration.",ILLUSTRATIVE,OPERATIONAL,risk,corroborated,0.98,True,Key-person dependency identified in an audit finding indicates operational risk due to potential single point of failure.,Portfolio & risk platform,USA,REPORTED,https://www.swissinfo.ch/eng/ubs-ditches-blackrocks-aladdin-platform-to-cut-fund-unit-costs/89728633,UBS reported to have terminated the Aladdin contract in 2025 (press reporting).,4,4,3,0.733,0.95,0.85,0.726,0.0,1,0.734,3.13,2.76,8.64,0.105,3,7.73,False,False,Medium,False,Medium,"MEDIUM (7.7/25, L3.1 x I2.8); OPERATIONAL signal, corroborated, from audit finding (credibility 0.95); 1 independent kind(s) of source in 365d; 205d old (freshness 0.73); UBS link: reported (UBS reported to have terminated the Aladdin contract in 2025 (press reporting)); 3 positive signal(s) cut risk by 10%; ILLUSTRATIVE evidence (demo data, not a public source); classifier: Key-person dependency identified in an audit finding indicates operational risk due to potential single point of failure."
I0143,V007,SIX Group,2025-07-29,incident_ticket,incident_ticket,,Service review with SIX Group logged a major outage of 6h20m affecting the shared platform; downtime breached the contractual SLA for the third time this quarter.,ILLUSTRATIVE,OPERATIONAL,risk,confirmed,1.0,True,Major outage breaching SLA multiple times indicates operational reliability issues.,Digital asset issuance venue,Switzerland,CONFIRMED,https://www.sdx.com/,UBS among issuers on the SIX Digital Exchange platform.,3,3,2,0.667,0.85,1.0,0.533,0.0,1,0.747,2.59,3.25,8.42,0.085,2,7.7,False,False,Medium,False,Medium,"MEDIUM (7.7/25, L2.6 x I3.2); OPERATIONAL signal, confirmed, from incident ticket (credibility 0.85); 1 independent kind(s) of source in 365d; 420d old (freshness 0.53); UBS link: confirmed (UBS among issuers on the SIX Digital Exchange platform); hard to replace (substitutability 2/5); 2 positive signal(s) cut risk by 8%; ILLUSTRATIVE evidence (demo data, not a public source); classifier: Major outage breaching SLA multiple times indicates operational reliability issues."
R0060,V012,Infosys,2023-11-03,incident_ticket,Infosys McCamish incident,https://www.tipranks.com/news/the-fly/list-of-victims-breached-in-moveit-hack-keeps-climbing-bank-info-security-says,"The LockBit ransomware group attacked Infosys McCamish Systems, a US-based subsidiary of Infosys providing services to insurance and financial clients.",REAL,CYBER,risk,confirmed,0.98,True,Confirmed ransomware attack on a subsidiary (Infosys McCamish) with direct implications for cybersecurity risk exposure.,IT services & BPO,India,REPORTED,https://www.finews.com/news/english-news/46514-ubs-cognizant-technology-outsourcing-mike-dargan,Reported to have picked up consultants after the UBS-Cognizant wind-down. Not confirmed by UBS.,4,3,4,0.6,0.85,1.0,0.265,0.5,2,0.844,1.89,4.04,7.64,0.0,0,7.64,False,False,Medium,False,Medium,"MEDIUM (7.6/25, L1.9 x I4.0); CYBER signal, confirmed, from incident ticket (credibility 0.85); 2 independent kind(s) of source in 365d; 1054d old (freshness 0.27); UBS link: reported (Reported to have picked up consultants after the UBS-Cognizant wind-down. Not confirmed by UBS); data sensitivity 4/5; classifier: Confirmed ransomware attack on a subsidiary (Infosys McCamish) with direct implications for cybersecurity risk exposure."
I0167,V009,Capita plc,2025-03-16,audit_finding,audit_finding,,Review of systems in scope for Capita plc identified unpatched end-of-life software on internet-facing hosts.,ILLUSTRATIVE,CYBER,risk,confirmed,0.98,True,Unpatched end-of-life software on internet-facing hosts indicates a confirmed cybersecurity risk exposure.,Business process outsourcing,UK,INDUSTRY,,Large UK outsourcer serving financial services. No UBS relationship claimed.,5,3,3,0.733,0.95,1.0,0.446,0.0,1,0.78,2.39,3.25,7.77,0.018,1,7.63,False,False,Medium,False,Medium,"MEDIUM (7.6/25, L2.4 x I3.2); CYBER signal, confirmed, from audit finding (credibility 0.95); 1 independent kind(s) of source in 365d; 555d old (freshness 0.45); UBS link: industry (Large UK outsourcer serving financial services. No UBS relationship claimed); data sensitivity 5/5; 1 positive signal(s) cut risk by 2%; ILLUSTRATIVE evidence (demo data, not a public source); classifier: Unpatched end-of-life software on internet-facing hosts indicates a confirmed cybersecurity risk exposure."
R0051,V009,Capita plc,2025-10-16,market_data,ICO enforcement,https://measuredcollective.com/ico-enforcement-in-2025-record-fines-and-what-they-mean/,"The GBP 14 million ICO settlement added to financial pressure on Capita plc, which had already absorbed remediation costs from the 2023 breach.",REAL,COMPLIANCE,risk,confirmed,0.98,True,ICO enforcement action and associated financial penalties indicate regulatory compliance failures and heightened risk exposure.,Business process outsourcing,UK,INDUSTRY,,Large UK outsourcer serving financial services. No UBS relationship claimed.,5,3,3,0.733,0.7,1.0,0.595,0.5,2,0.792,2.88,2.92,8.41,0.094,2,7.62,False,False,Medium,False,Medium,"MEDIUM (7.6/25, L2.9 x I2.9); COMPLIANCE signal, confirmed, from market data (credibility 0.70); 2 independent kind(s) of source in 365d; 341d old (freshness 0.59); UBS link: industry (Large UK outsourcer serving financial services. No UBS relationship claimed); data sensitivity 5/5; 2 positive signal(s) cut risk by 9%; classifier: ICO enforcement action and associated financial penalties indicate regulatory compliance failures and heightened risk exposure."
I0138,V006,BlackRock,2025-12-17,audit_finding,audit_finding,,Internal review found BlackRock has no tested disaster recovery plan for the service provided under this engagement; the last failover test failed.,ILLUSTRATIVE,OPERATIONAL,risk,confirmed,1.0,True,"Internal audit finding confirms a failed disaster recovery failover test, indicating operational risk due to lack of tested DR plan.",Portfolio & risk platform,USA,REPORTED,https://www.swissinfo.ch/eng/ubs-ditches-blackrocks-aladdin-platform-to-cut-fund-unit-costs/89728633,UBS reported to have terminated the Aladdin contract in 2025 (press reporting).,4,4,3,0.733,0.95,1.0,0.65,0.0,1,0.782,3.04,2.76,8.39,0.105,3,7.51,False,False,Medium,False,Medium,"MEDIUM (7.5/25, L3.0 x I2.8); OPERATIONAL signal, confirmed, from audit finding (credibility 0.95); 1 independent kind(s) of source in 365d; 279d old (freshness 0.65); UBS link: reported (UBS reported to have terminated the Aladdin contract in 2025 (press reporting)); 3 positive signal(s) cut risk by 10%; ILLUSTRATIVE evidence (demo data, not a public source); classifier: Internal audit finding confirms a failed disaster recovery failover test, indicating operational risk due to lack of tested DR plan."
I0181,V011,Progress Software,2026-05-15,audit_finding,audit_finding,,Review notes vendor lock-in at Progress Software: proprietary data formats create high switching cost on exit.,ILLUSTRATIVE,CONCENTRATION,risk,confirmed,0.98,True,"Vendor lock-in due to proprietary data formats indicates high switching costs, which is a concentration risk.",Managed file transfer,USA,INDUSTRY,,"MOVEit file transfer, widely embedded in financial supply chains. No UBS relationship claimed.",5,3,3,0.733,0.95,1.0,0.814,0.0,1,0.78,3.54,2.28,8.07,0.072,1,7.49,False,False,Medium,False,Medium,"MEDIUM (7.5/25, L3.5 x I2.3); CONCENTRATION signal, confirmed, from audit finding (credibility 0.95); 1 independent kind(s) of source in 365d; 130d old (freshness 0.81); UBS link: industry (MOVEit file transfer, widely embedded in financial supply chains. No UBS relationship claimed); 1 positive signal(s) cut risk by 7%; ILLUSTRATIVE evidence (demo data, not a public source); classifier: Vendor lock-in due to proprietary data formats indicates high switching costs, which is a concentration risk."
R0071,V002,Microsoft Corporation,2022-10-20,regulatory_filing,UBS press release,https://www.ubs.com/global/en/media/display-page-ndp/en-20221020-cloud-partnership.html,"UBS announced an expansion of its cloud partnership with Microsoft Corporation, targeting more than 50% of its applications including critical workloads on Microsoft Azure within five years.",REAL,CONCENTRATION,risk,confirmed,1.0,True,"Significant increase in dependency on a single vendor (Microsoft Azure) for critical workloads, raising concentration risk due to lack of diversification.",Cloud infrastructure & productivity,USA,CONFIRMED,https://www.ubs.com/global/en/media/display-page-ndp/en-20221020-cloud-partnership.html,"UBS named Azure its primary cloud; >50% of applications targeted, incl. critical workloads.",5,5,1,1.0,1.0,1.0,0.206,0.0,1,0.8,1.66,4.5,7.47,0.0,0,7.47,False,False,Medium,False,Medium,"MEDIUM (7.5/25, L1.7 x I4.5); CONCENTRATION signal, confirmed, from regulatory filing (credibility 1.00); 1 independent kind(s) of source in 365d; 1433d old (freshness 0.21); UBS link: confirmed (UBS named Azure its primary cloud; >50% of applications targeted, incl. critical workloads); hard to replace (substitutability 1/5); classifier: Significant increase in dependency on a single vendor (Microsoft Azure) for critical workloads, raising concentration risk due to lack of diversification."
I0142,V007,SIX Group,2025-05-18,audit_finding,audit_finding,,"Engagement review noted key-person dependency at SIX Group, with a single named individual covering the critical integration.",ILLUSTRATIVE,OPERATIONAL,risk,corroborated,0.98,True,"Key-person dependency identified in a critical integration function, indicating operational risk exposure.",Digital asset issuance venue,Switzerland,CONFIRMED,https://www.sdx.com/,UBS among issuers on the SIX Digital Exchange platform.,3,3,2,0.667,0.95,0.85,0.484,0.0,1,0.734,2.42,3.25,7.86,0.085,2,7.19,False,False,Medium,False,Medium,"MEDIUM (7.2/25, L2.4 x I3.2); OPERATIONAL signal, corroborated, from audit finding (credibility 0.95); 1 independent kind(s) of source in 365d; 492d old (freshness 0.48); UBS link: confirmed (UBS among issuers on the SIX Digital Exchange platform); hard to replace (substitutability 2/5); 2 positive signal(s) cut risk by 8%; ILLUSTRATIVE evidence (demo data, not a public source); classifier: Key-person dependency identified in a critical integration function, indicating operational risk exposure."
I0157,V008,ION Group,2025-11-02,incident_ticket,incident_ticket,,Delivery delay at ION Group pushed the migration milestone back by five weeks against the agreed plan.,ILLUSTRATIVE,OPERATIONAL,risk,confirmed,0.98,True,"Delivery delay and missed milestone indicate operational disruption or inefficiency at ION Group, directly impacting the bank's project timeline.",Trading & derivatives software,UK,INDUSTRY,,Major trading-software provider to banks. No UBS relationship claimed.,4,5,1,0.933,0.85,1.0,0.609,0.0,1,0.744,2.81,2.6,7.31,0.016,1,7.19,False,False,Medium,False,Medium,"MEDIUM (7.2/25, L2.8 x I2.6); OPERATIONAL signal, confirmed, from incident ticket (credibility 0.85); 1 independent kind(s) of source in 365d; 324d old (freshness 0.61); UBS link: industry (Major trading-software provider to banks. No UBS relationship claimed); hard to replace (substitutability 1/5); 1 positive signal(s) cut risk by 2%; ILLUSTRATIVE evidence (demo data, not a public source); classifier: Delivery delay and missed milestone indicate operational disruption or inefficiency at ION Group, directly impacting the bank's project timeline."
R0064,V005,Cognizant Technology Solutions,2020-05-08,incident_ticket,finews,https://www.finews.com/news/english-news/46514-ubs-cognizant-technology-outsourcing-mike-dargan,"Cognizant Technology Solutions was hit by a Maze ransomware incident, raising security concerns among its financial services clients including UBS.",REAL,CYBER,risk,confirmed,0.98,True,"Confirmed ransomware incident (Maze) directly impacting Cognizant, a vendor to financial services clients like UBS, indicating a cybersecurity risk exposure.",IT & business process outsourcing,USA,CONFIRMED,https://news.cognizant.com/newsannouncements?item=20231,Acquired UBS India Service Centre in 2009; UBS later insourced and exited.,4,3,4,0.6,0.85,1.0,0.16,0.0,1,0.744,1.48,4.75,7.03,0.017,1,6.91,False,False,Medium,False,Medium,"MEDIUM (6.9/25, L1.5 x I4.8); CYBER signal, confirmed, from incident ticket (credibility 0.85); 1 independent kind(s) of source in 365d; 2328d old (freshness 0.16); UBS link: confirmed (Acquired UBS India Service Centre in 2009; UBS later insourced and exited); data sensitivity 4/5; 1 positive signal(s) cut risk by 2%; classifier: Confirmed ransomware incident (Maze) directly impacting Cognizant, a vendor to financial services clients like UBS, indicating a cybersecurity risk exposure."
I0165,V009,Capita plc,2026-06-12,incident_ticket,incident_ticket,,Delivery delay at Capita plc pushed the migration milestone back by five weeks against the agreed plan.,ILLUSTRATIVE,OPERATIONAL,risk,confirmed,0.98,True,Operational delay in migration milestone indicates potential disruption to service delivery and project timelines.,Business process outsourcing,UK,INDUSTRY,,Large UK outsourcer serving financial services. No UBS relationship claimed.,5,3,3,0.733,0.85,1.0,0.85,0.0,1,0.744,3.53,1.95,6.88,0.019,1,6.75,False,False,Medium,False,Medium,"MEDIUM (6.8/25, L3.5 x I1.9); OPERATIONAL signal, confirmed, from incident ticket (credibility 0.85); 1 independent kind(s) of source in 365d; 102d old (freshness 0.85); UBS link: industry (Large UK outsourcer serving financial services. No UBS relationship claimed); 1 positive signal(s) cut risk by 2%; ILLUSTRATIVE evidence (demo data, not a public source); classifier: Operational delay in migration milestone indicates potential disruption to service delivery and project timelines."
I0192,V012,Infosys,2025-03-09,audit_finding,audit_finding,,"Assessment records Infosys as the sole source for this service line, with no viable alternative provider identified.",ILLUSTRATIVE,CONCENTRATION,risk,confirmed,1.0,True,"Sole source with no viable alternative provider identified, indicating high concentration risk.",IT services & BPO,India,REPORTED,https://www.finews.com/news/english-news/46514-ubs-cognizant-technology-outsourcing-mike-dargan,Reported to have picked up consultants after the UBS-Cognizant wind-down. Not confirmed by UBS.,4,3,4,0.6,0.95,1.0,0.442,0.0,1,0.782,2.38,2.76,6.57,0.0,0,6.57,False,False,Medium,False,Medium,"MEDIUM (6.6/25, L2.4 x I2.8); CONCENTRATION signal, confirmed, from audit finding (credibility 0.95); 1 independent kind(s) of source in 365d; 562d old (freshness 0.44); UBS link: reported (Reported to have picked up consultants after the UBS-Cognizant wind-down. Not confirmed by UBS); ILLUSTRATIVE evidence (demo data, not a public source); classifier: Sole source with no viable alternative provider identified, indicating high concentration risk."
I0127,V005,Cognizant Technology Solutions,2025-10-29,vendor_questionnaire,vendor_questionnaire,,Cognizant Technology Solutions sub-contracts part of core delivery to a single fourth-party operating from one region.,ILLUSTRATIVE,CONCENTRATION,risk,n/a,0.98,True,Single fourth-party dependency in core delivery creates concentration risk due to lack of diversification or alternative providers.,IT & business process outsourcing,USA,CONFIRMED,https://news.cognizant.com/newsannouncements?item=20231,Acquired UBS India Service Centre in 2009; UBS later insourced and exited.,4,3,4,0.6,0.55,0.5,0.606,0.0,1,0.49,2.19,3.25,7.12,0.08,1,6.55,False,False,Medium,False,Medium,"MEDIUM (6.5/25, L2.2 x I3.2); CONCENTRATION signal, n/a, from vendor questionnaire (credibility 0.55); 1 independent kind(s) of source in 365d; 328d old (freshness 0.61); UBS link: confirmed (Acquired UBS India Service Centre in 2009; UBS later insourced and exited); 1 positive signal(s) cut risk by 8%; ILLUSTRATIVE evidence (demo data, not a public source); classifier: Single fourth-party dependency in core delivery creates concentration risk due to lack of diversification or alternative providers."
R0067,V006,BlackRock,2025-07-25,market_data,Private Banker International,https://www.privatebankerinternational.com/news/ubs-terminates-aladdin-contract-blackrock/,"The UBS decision to terminate the BlackRock Aladdin contract, reported at a cumulative value of CHF 50-100 million, was framed as a cost reduction in the fund unit.",REAL,FINANCIAL,risk,corroborated,0.98,True,Termination of a significant contract (CHF 50-100 million) framed as cost reduction indicates financial exposure and potential revenue loss for BlackRock.,Portfolio & risk platform,USA,REPORTED,https://www.swissinfo.ch/eng/ubs-ditches-blackrocks-aladdin-platform-to-cut-fund-unit-costs/89728633,UBS reported to have terminated the Aladdin contract in 2025 (press reporting).,4,4,3,0.733,0.7,0.85,0.53,0.0,1,0.647,2.37,2.76,6.54,0.0,0,6.54,False,False,Medium,False,Medium,"MEDIUM (6.5/25, L2.4 x I2.8); FINANCIAL signal, corroborated, from market data (credibility 0.70); 1 independent kind(s) of source in 365d; 424d old (freshness 0.53); UBS link: reported (UBS reported to have terminated the Aladdin contract in 2025 (press reporting)); classifier: Termination of a significant contract (CHF 50-100 million) framed as cost reduction indicates financial exposure and potential revenue loss for BlackRock."
I0164,V009,Capita plc,2025-10-07,audit_finding,audit_finding,,"Assessment records Capita plc as the sole source for this service line, with no viable alternative provider identified.",ILLUSTRATIVE,CONCENTRATION,risk,confirmed,1.0,True,"Sole source identified with no viable alternative provider, indicating high concentration risk.",Business process outsourcing,UK,INDUSTRY,,Large UK outsourcer serving financial services. No UBS relationship claimed.,5,3,3,0.733,0.95,1.0,0.587,0.0,1,0.782,2.84,2.28,6.48,0.0,0,6.48,False,False,Medium,False,Medium,"MEDIUM (6.5/25, L2.8 x I2.3); CONCENTRATION signal, confirmed, from audit finding (credibility 0.95); 1 independent kind(s) of source in 365d; 350d old (freshness 0.59); UBS link: industry (Large UK outsourcer serving financial services. No UBS relationship claimed); ILLUSTRATIVE evidence (demo data, not a public source); classifier: Sole source identified with no viable alternative provider, indicating high concentration risk."
I0179,V010,CrowdStrike Holdings,2025-09-15,incident_ticket,incident_ticket,,CrowdStrike Holdings reported degraded performance and a growing backlog in overnight batch processing on the managed service.,ILLUSTRATIVE,OPERATIONAL,risk,confirmed,0.98,True,"Degraded performance and backlog in managed service indicate operational disruptions, directly impacting service delivery.",Endpoint security,USA,INDUSTRY,,Endpoint security vendor widely used in financial services. No UBS relationship claimed.,5,5,2,0.933,0.85,1.0,0.569,0.0,1,0.744,2.7,2.44,6.59,0.021,1,6.45,False,False,Medium,False,Medium,"MEDIUM (6.5/25, L2.7 x I2.4); OPERATIONAL signal, confirmed, from incident ticket (credibility 0.85); 1 independent kind(s) of source in 365d; 372d old (freshness 0.57); UBS link: industry (Endpoint security vendor widely used in financial services. No UBS relationship claimed); hard to replace (substitutability 2/5); 1 positive signal(s) cut risk by 2%; ILLUSTRATIVE evidence (demo data, not a public source); classifier: Degraded performance and backlog in managed service indicate operational disruptions, directly impacting service delivery."
I0180,V010,CrowdStrike Holdings,2025-08-29,audit_finding,audit_finding,,"Engagement review noted key-person dependency at CrowdStrike Holdings, with a single named individual covering the critical integration.",ILLUSTRATIVE,OPERATIONAL,risk,corroborated,0.98,True,"Key-person dependency identified in a critical integration role, indicating operational risk due to potential single point of failure.",Endpoint security,USA,INDUSTRY,,Endpoint security vendor widely used in financial services. No UBS relationship claimed.,5,5,2,0.933,0.95,0.85,0.556,0.0,1,0.734,2.63,2.44,6.42,0.021,1,6.29,False,False,Medium,False,Medium,"MEDIUM (6.3/25, L2.6 x I2.4); OPERATIONAL signal, corroborated, from audit finding (credibility 0.95); 1 independent kind(s) of source in 365d; 389d old (freshness 0.56); UBS link: industry (Endpoint security vendor widely used in financial services. No UBS relationship claimed); hard to replace (substitutability 2/5); 1 positive signal(s) cut risk by 2%; ILLUSTRATIVE evidence (demo data, not a public source); classifier: Key-person dependency identified in a critical integration role, indicating operational risk due to potential single point of failure."
R0066,V006,BlackRock,2025-07-24,news_article,SWI swissinfo,https://www.swissinfo.ch/eng/ubs-ditches-blackrocks-aladdin-platform-to-cut-fund-unit-costs/89728633,"UBS terminated its contract for BlackRock's Aladdin portfolio and risk platform, and began migrating hundreds of former Credit Suisse funds onto UBS systems.",REAL,OPERATIONAL,risk,confirmed,0.98,True,Contract termination and migration of critical portfolio/risk platform to alternative systems indicates operational disruption and potential service gaps.,Portfolio & risk platform,USA,REPORTED,https://www.swissinfo.ch/eng/ubs-ditches-blackrocks-aladdin-platform-to-cut-fund-unit-costs/89728633,UBS reported to have terminated the Aladdin contract in 2025 (press reporting).,4,4,3,0.733,0.75,1.0,0.529,0.0,1,0.71,2.5,2.76,6.9,0.105,3,6.18,False,False,Medium,False,Medium,"MEDIUM (6.2/25, L2.5 x I2.8); OPERATIONAL signal, confirmed, from news article (credibility 0.75); 1 independent kind(s) of source in 365d; 425d old (freshness 0.53); UBS link: reported (UBS reported to have terminated the Aladdin contract in 2025 (press reporting)); 3 positive signal(s) cut risk by 10%; classifier: Contract termination and migration of critical portfolio/risk platform to alternative systems indicates operational disruption and potential service gaps."
R0059,V011,Progress Software,2023-07-20,audit_finding,Bank Info Security,https://www.tipranks.com/news/the-fly/list-of-victims-breached-in-moveit-hack-keeps-climbing-bank-info-security-says,"The list of organisations breached through Progress Software's MOVEit kept climbing through 2023, demonstrating how one vulnerability in a widely embedded file-transfer product cascades through fourth-party relationships.",REAL,CYBER,risk,confirmed,1.0,True,"The text explicitly references a confirmed cybersecurity breach (MOVEit vulnerability) with cascading fourth-party impacts, indicating a clear cyber risk exposure.",Managed file transfer,USA,INDUSTRY,,"MOVEit file transfer, widely embedded in financial supply chains. No UBS relationship claimed.",5,3,3,0.733,0.95,1.0,0.244,0.0,1,0.782,1.76,3.25,5.72,0.017,1,5.62,False,False,Medium,False,Medium,"MEDIUM (5.6/25, L1.8 x I3.2); CYBER signal, confirmed, from audit finding (credibility 0.95); 1 independent kind(s) of source in 365d; 1160d old (freshness 0.24); UBS link: industry (MOVEit file transfer, widely embedded in financial supply chains. No UBS relationship claimed); data sensitivity 5/5; 1 positive signal(s) cut risk by 2%; classifier: The text explicitly references a confirmed cybersecurity breach (MOVEit vulnerability) with cascading fourth-party impacts, indicating a clear cyber risk exposure."
R0033,V015,Equifax Inc.,2023-10-13,regulatory_filing,FCA final notice,https://www.twobirds.com/en/insights/2023/uk/fca-fines-equifax-11-million-for-2017-cybersecurity-customer-data-breach,"The UK Financial Conduct Authority fined Equifax Ltd GBP 11,164,400 for failing to manage and monitor the security of UK consumer data that Equifax had outsourced to its US parent.",REAL,COMPLIANCE,risk,confirmed,1.0,True,"Regulatory fine (FCA final notice) for failure to manage and monitor security of outsourced UK consumer data, indicating a compliance breach.",Credit data & analytics,USA,INDUSTRY,,Credit bureau supplying data to financial institutions. No UBS relationship claimed.,5,4,2,0.867,1.0,1.0,0.26,0.0,1,0.8,1.83,3.09,5.65,0.023,1,5.52,False,False,Medium,False,Medium,"MEDIUM (5.5/25, L1.8 x I3.1); COMPLIANCE signal, confirmed, from regulatory filing (credibility 1.00); 1 independent kind(s) of source in 365d; 1075d old (freshness 0.26); UBS link: industry (Credit bureau supplying data to financial institutions. No UBS relationship claimed); data sensitivity 5/5; 1 positive signal(s) cut risk by 2%; classifier: Regulatory fine (FCA final notice) for failure to manage and monitor security of outsourced UK consumer data, indicating a compliance breach."
R0049,V009,Capita plc,2023-05-12,audit_finding,2023 Capita data breach,https://en.wikipedia.org/wiki/2023_Capita_data_breach,"Personal data relating to approximately 6.66 million individuals was exfiltrated from Capita plc, including special category data such as health and criminal record information.",REAL,CYBER,risk,confirmed,1.0,True,"Confirmed data breach involving exfiltration of personal and special category data, indicating a significant cybersecurity risk exposure.",Business process outsourcing,UK,INDUSTRY,,Large UK outsourcer serving financial services. No UBS relationship claimed.,5,3,3,0.733,0.95,1.0,0.232,0.0,1,0.782,1.73,3.25,5.62,0.018,1,5.52,False,False,Medium,False,Medium,"MEDIUM (5.5/25, L1.7 x I3.2); CYBER signal, confirmed, from audit finding (credibility 0.95); 1 independent kind(s) of source in 365d; 1229d old (freshness 0.23); UBS link: industry (Large UK outsourcer serving financial services. No UBS relationship claimed); data sensitivity 5/5; 1 positive signal(s) cut risk by 2%; classifier: Confirmed data breach involving exfiltration of personal and special category data, indicating a significant cybersecurity risk exposure."
R0043,V008,ION Group,2023-01-31,incident_ticket,BleepingComputer,https://www.bleepingcomputer.com/news/security/ransomware-attack-on-ion-group-impacts-derivatives-trading-market/,"ION Group disclosed a ransomware incident affecting ION Cleared Derivatives, a division of ION Markets. The LockBit ransomware gang claimed responsibility for the attack on ION Group.",REAL,CYBER,risk,confirmed,1.0,True,"Confirmed ransomware incident with LockBit gang claiming responsibility, indicating a cybersecurity breach and potential data exposure.",Trading & derivatives software,UK,INDUSTRY,,Major trading-software provider to banks. No UBS relationship claimed.,4,5,1,0.933,0.85,1.0,0.218,0.0,1,0.747,1.65,3.41,5.63,0.021,1,5.51,False,False,Medium,False,Medium,"MEDIUM (5.5/25, L1.6 x I3.4); CYBER signal, confirmed, from incident ticket (credibility 0.85); 1 independent kind(s) of source in 365d; 1330d old (freshness 0.22); UBS link: industry (Major trading-software provider to banks. No UBS relationship claimed); data sensitivity 4/5; 1 positive signal(s) cut risk by 2%; classifier: Confirmed ransomware incident with LockBit gang claiming responsibility, indicating a cybersecurity breach and potential data exposure."
R0045,V008,ION Group,2023-02-03,news_article,Risk.net,https://www.risk.net/risk-management/7956234/hacked-off-banks-demand-answers-after-ion-cyber-attack,"Banks demanded answers from ION Group after the cyber attack, with the incident exposing how heavily derivatives markets depend on a single software provider.",REAL,CYBER,risk,confirmed,0.98,True,"Confirmed cyber attack on ION Group with implications for derivatives market dependency on a single software provider, indicating operational and systemic risk.",Trading & derivatives software,UK,INDUSTRY,,Major trading-software provider to banks. No UBS relationship claimed.,4,5,1,0.933,0.75,1.0,0.218,0.0,1,0.71,1.62,3.41,5.52,0.021,1,5.4,False,False,Medium,False,Medium,"MEDIUM (5.4/25, L1.6 x I3.4); CYBER signal, confirmed, from news article (credibility 0.75); 1 independent kind(s) of source in 365d; 1327d old (freshness 0.22); UBS link: industry (Major trading-software provider to banks. No UBS relationship claimed); data sensitivity 4/5; 1 positive signal(s) cut risk by 2%; classifier: Confirmed cyber attack on ION Group with implications for derivatives market dependency on a single software provider, indicating operational and systemic risk."
R0046,V008,ION Group,2023-02-06,news_article,The Cyber Express,https://thecyberexpress.com/ransomware-attack-ion-group-cybercrime/,"The ION Group ransomware attack disrupted trading, investment management and market analytics services that financial institutions and corporations rely on ION Group to provide.",REAL,CYBER,risk,confirmed,0.99,True,"Confirmed ransomware attack causing significant operational disruption to critical financial services, indicating a cyber risk exposure.",Trading & derivatives software,UK,INDUSTRY,,Major trading-software provider to banks. No UBS relationship claimed.,4,5,1,0.933,0.75,1.0,0.219,0.0,1,0.711,1.62,3.41,5.52,0.021,1,5.4,False,False,Medium,False,Medium,"MEDIUM (5.4/25, L1.6 x I3.4); CYBER signal, confirmed, from news article (credibility 0.75); 1 independent kind(s) of source in 365d; 1324d old (freshness 0.22); UBS link: industry (Major trading-software provider to banks. No UBS relationship claimed); data sensitivity 4/5; 1 positive signal(s) cut risk by 2%; classifier: Confirmed ransomware attack causing significant operational disruption to critical financial services, indicating a cyber risk exposure."
R0044,V008,ION Group,2023-02-01,news_article,American Banker,https://www.americanbanker.com/news/ransomware-attack-on-ion-trading-shows-markets-vulnerability-to-hackers,"Large customers of ION Group in the United States and Europe were forced to switch to manual processing of trades following the ransomware attack, causing significant delays across derivatives markets.",REAL,CYBER,risk,confirmed,0.98,True,"Confirmed ransomware attack disrupting trading operations, leading to manual processing and significant delays.",Trading & derivatives software,UK,INDUSTRY,,Major trading-software provider to banks. No UBS relationship claimed.,4,5,1,0.933,0.75,1.0,0.218,0.0,1,0.71,1.62,3.41,5.52,0.021,1,5.4,False,False,Medium,False,Medium,"MEDIUM (5.4/25, L1.6 x I3.4); CYBER signal, confirmed, from news article (credibility 0.75); 1 independent kind(s) of source in 365d; 1329d old (freshness 0.22); UBS link: industry (Major trading-software provider to banks. No UBS relationship claimed); data sensitivity 4/5; 1 positive signal(s) cut risk by 2%; classifier: Confirmed ransomware attack disrupting trading operations, leading to manual processing and significant delays."
R0058,V011,Progress Software,2023-06-15,news_article,Security.org,https://www.security.org/identity-theft/breach/bank-of-america/,"Ernst & Young, which provides certain services to Bank of America, was among the victims of the Progress Software MOVEit campaign. The breach at Ernst & Young exposed financial account information, credit card details and Social Security numbers of 30,210 Bank of America customers.",REAL,CYBER,risk,confirmed,0.98,True,"The text explicitly mentions a cybersecurity breach (MOVEit campaign) affecting a third-party vendor (Progress Software) that resulted in the exposure of sensitive customer data, indicating a confirmed cyber risk.",Managed file transfer,USA,INDUSTRY,,"MOVEit file transfer, widely embedded in financial supply chains. No UBS relationship claimed.",5,3,3,0.733,0.75,1.0,0.238,0.0,1,0.71,1.68,3.25,5.46,0.017,1,5.37,False,False,Medium,False,Medium,"MEDIUM (5.4/25, L1.7 x I3.2); CYBER signal, confirmed, from news article (credibility 0.75); 1 independent kind(s) of source in 365d; 1195d old (freshness 0.24); UBS link: industry (MOVEit file transfer, widely embedded in financial supply chains. No UBS relationship claimed); data sensitivity 5/5; 1 positive signal(s) cut risk by 2%; classifier: The text explicitly mentions a cybersecurity breach (MOVEit campaign) affecting a third-party vendor (Progress Software) that resulted in the exposure of sensitive customer data, indicating a confirmed cyber risk."
R0057,V011,Progress Software,2023-05-31,news_article,Bank Info Security,https://www.tipranks.com/news/the-fly/list-of-victims-breached-in-moveit-hack-keeps-climbing-bank-info-security-says,"The Clop ransomware gang exploited a zero-day vulnerability in Progress Software's MOVEit Transfer platform, in a mass-exploitation campaign that affected hundreds of organisations worldwide.",REAL,CYBER,risk,confirmed,0.99,True,Exploitation of a zero-day vulnerability in MOVEit Transfer by Clop ransomware gang confirms a cybersecurity risk with confirmed impact on hundreds of organizations.,Managed file transfer,USA,INDUSTRY,,"MOVEit file transfer, widely embedded in financial supply chains. No UBS relationship claimed.",5,3,3,0.733,0.75,1.0,0.235,0.0,1,0.711,1.67,3.25,5.43,0.017,1,5.34,False,False,Medium,False,Medium,"MEDIUM (5.3/25, L1.7 x I3.2); CYBER signal, confirmed, from news article (credibility 0.75); 1 independent kind(s) of source in 365d; 1210d old (freshness 0.23); UBS link: industry (MOVEit file transfer, widely embedded in financial supply chains. No UBS relationship claimed); data sensitivity 5/5; 1 positive signal(s) cut risk by 2%; classifier: Exploitation of a zero-day vulnerability in MOVEit Transfer by Clop ransomware gang confirms a cybersecurity risk with confirmed impact on hundreds of organizations."
R0034,V015,Equifax Inc.,2023-10-25,news_article,FCA fines Equifax,https://www.twobirds.com/en/insights/2023/uk/fca-fines-equifax-11-million-for-2017-cybersecurity-customer-data-breach,"The FCA penalty against Equifax Ltd highlighted the risk of outsourcing consumer data processing to a parent entity, arriving five years after the ICO had already fined Equifax for the same 2017 breach.",REAL,COMPLIANCE,risk,confirmed,0.98,True,Regulatory penalty (FCA fine) indicates confirmed compliance failure and heightened risk exposure related to data processing outsourcing.,Credit data & analytics,USA,INDUSTRY,,Credit bureau supplying data to financial institutions. No UBS relationship claimed.,5,4,2,0.867,0.75,1.0,0.263,0.0,1,0.71,1.75,3.09,5.41,0.023,1,5.29,False,False,Medium,False,Medium,"MEDIUM (5.3/25, L1.8 x I3.1); COMPLIANCE signal, confirmed, from news article (credibility 0.75); 1 independent kind(s) of source in 365d; 1063d old (freshness 0.26); UBS link: industry (Credit bureau supplying data to financial institutions. No UBS relationship claimed); data sensitivity 5/5; 1 positive signal(s) cut risk by 2%; classifier: Regulatory penalty (FCA fine) indicates confirmed compliance failure and heightened risk exposure related to data processing outsourcing."
R0048,V009,Capita plc,2023-04-03,news_article,2023 Capita data breach,https://en.wikipedia.org/wiki/2023_Capita_data_breach,Capita plc suffered a cyber incident that led to the exfiltration of personal data. Capita is a major outsourcing provider to UK public sector and financial services clients.,REAL,CYBER,risk,confirmed,1.0,True,"Explicitly reports a confirmed cyber incident with data exfiltration, directly impacting Capita plc's security posture and client data.",Business process outsourcing,UK,INDUSTRY,,Large UK outsourcer serving financial services. No UBS relationship claimed.,5,3,3,0.733,0.75,1.0,0.226,0.0,1,0.712,1.65,3.25,5.36,0.018,1,5.26,False,False,Medium,False,Medium,"MEDIUM (5.3/25, L1.6 x I3.2); CYBER signal, confirmed, from news article (credibility 0.75); 1 independent kind(s) of source in 365d; 1268d old (freshness 0.23); UBS link: industry (Large UK outsourcer serving financial services. No UBS relationship claimed); data sensitivity 5/5; 1 positive signal(s) cut risk by 2%; classifier: Explicitly reports a confirmed cyber incident with data exfiltration, directly impacting Capita plc's security posture and client data."
R0062,V012,Infosys,2025-03-21,market_data,Class action settlement,https://www.tipranks.com/news/the-fly/list-of-victims-breached-in-moveit-hack-keeps-climbing-bank-info-security-says,The USD 17.5 million class action settlement represented a direct financial cost to Infosys arising from the breach at its McCamish subsidiary.,REAL,FINANCIAL,risk,confirmed,0.98,True,"The USD 17.5 million class action settlement directly represents a financial cost to Infosys due to a breach at its subsidiary, indicating a financial risk exposure.",IT services & BPO,India,REPORTED,https://www.finews.com/news/english-news/46514-ubs-cognizant-technology-outsourcing-mike-dargan,Reported to have picked up consultants after the UBS-Cognizant wind-down. Not confirmed by UBS.,4,3,4,0.6,0.7,1.0,0.449,0.0,1,0.692,2.24,2.34,5.24,0.0,0,5.24,False,False,Medium,False,Medium,"MEDIUM (5.2/25, L2.2 x I2.3); FINANCIAL signal, confirmed, from market data (credibility 0.70); 1 independent kind(s) of source in 365d; 550d old (freshness 0.45); UBS link: reported (Reported to have picked up consultants after the UBS-Cognizant wind-down. Not confirmed by UBS); classifier: The USD 17.5 million class action settlement directly represents a financial cost to Infosys due to a breach at its subsidiary, indicating a financial risk exposure."
R0056,V010,CrowdStrike Holdings,2024-09-10,regulatory_filing,FCA observations,https://www.hlc.com/en/publications/fcas-observations-and-lessons-learnt-from-the-july-2024-global-it-incident,"The FCA reported that issues linked to third-party providers were the leading cause of operational incidents reported to the regulator between 2022 and 2023, a pattern the CrowdStrike Holdings outage brought into focus.",REAL,OPERATIONAL,risk,confirmed,0.98,True,"Regulatory filing (FCA) explicitly cites CrowdStrike Holdings' outage as a key example of third-party operational risk, confirming exposure.",Endpoint security,USA,INDUSTRY,,Endpoint security vendor widely used in financial services. No UBS relationship claimed.,5,5,2,0.933,1.0,1.0,0.358,0.0,1,0.797,2.14,2.44,5.22,0.021,1,5.11,False,False,Medium,False,Medium,"MEDIUM (5.1/25, L2.1 x I2.4); OPERATIONAL signal, confirmed, from regulatory filing (credibility 1.00); 1 independent kind(s) of source in 365d; 742d old (freshness 0.36); UBS link: industry (Endpoint security vendor widely used in financial services. No UBS relationship claimed); hard to replace (substitutability 2/5); 1 positive signal(s) cut risk by 2%; classifier: Regulatory filing (FCA) explicitly cites CrowdStrike Holdings' outage as a key example of third-party operational risk, confirming exposure."
R0024,V015,Equifax Inc.,2017-09-07,regulatory_filing,Equifax breach FAQ,https://www.csoonline.com/article/567833/equifax-data-breach-faq-what-happened-who-was-affected-what-was-the-impact.html,"Equifax Inc. publicly disclosed a data breach exposing the personal data of 147 million people, including Social Security numbers, birth dates and addresses.",REAL,CYBER,risk,confirmed,1.0,True,"Publicly disclosed data breach exposing sensitive personal data (SSNs, birth dates, addresses) confirms a significant cybersecurity risk.",Credit data & analytics,USA,INDUSTRY,,Credit bureau supplying data to financial institutions. No UBS relationship claimed.,5,4,2,0.867,1.0,1.0,0.152,0.0,1,0.8,1.49,3.41,5.08,0.0,0,5.08,False,False,Medium,False,Medium,"MEDIUM (5.1/25, L1.5 x I3.4); CYBER signal, confirmed, from regulatory filing (credibility 1.00); 1 independent kind(s) of source in 365d; 3302d old (freshness 0.15); UBS link: industry (Credit bureau supplying data to financial institutions. No UBS relationship claimed); data sensitivity 5/5; classifier: Publicly disclosed data breach exposing sensitive personal data (SSNs, birth dates, addresses) confirms a significant cybersecurity risk."
R0018,V014,SolarWinds Corporation,2023-10-30,regulatory_filing,SEC press release,https://www.sec.gov/newsroom/press-releases/2023-227,"The SEC filed a complaint against SolarWinds Corporation and its chief information security officer Tim Brown, alleging they defrauded investors by overstating SolarWinds' cybersecurity practices and failing to disclose known risks.",REAL,COMPLIANCE,risk,confirmed,1.0,True,SEC complaint alleging fraud and misrepresentation of cybersecurity practices constitutes a confirmed regulatory compliance risk.,IT monitoring software,USA,INDUSTRY,,IT monitoring software; subject of the 2020 Sunburst supply-chain compromise. No UBS relationship claimed.,4,4,3,0.733,1.0,1.0,0.264,0.0,1,0.8,1.84,2.92,5.37,0.056,1,5.07,False,False,Medium,False,Medium,"MEDIUM (5.1/25, L1.8 x I2.9); COMPLIANCE signal, confirmed, from regulatory filing (credibility 1.00); 1 independent kind(s) of source in 365d; 1058d old (freshness 0.26); UBS link: industry (IT monitoring software; subject of the 2020 Sunburst supply-chain compromise. No UBS relationship claimed); data sensitivity 4/5; 1 positive signal(s) cut risk by 6%; classifier: SEC complaint alleging fraud and misrepresentation of cybersecurity practices constitutes a confirmed regulatory compliance risk."
R0020,V014,SolarWinds Corporation,2023-11-02,market_data,SEC charges SolarWinds and CISO,https://www.sec.gov/newsroom/press-releases/2023-227,"SolarWinds Corporation faced investor pressure following the SEC fraud complaint, with the charges against both SolarWinds and a named executive raising governance concerns.",REAL,CONDUCT,risk,confirmed,0.98,True,SEC fraud charges and governance concerns indicate serious conduct risk and regulatory action.,IT monitoring software,USA,INDUSTRY,,IT monitoring software; subject of the 2020 Sunburst supply-chain compromise. No UBS relationship claimed.,4,4,3,0.733,0.7,1.0,0.265,0.0,1,0.692,1.73,2.92,5.05,0.0,0,5.05,False,False,Medium,False,Medium,"MEDIUM (5.0/25, L1.7 x I2.9); CONDUCT signal, confirmed, from market data (credibility 0.70); 1 independent kind(s) of source in 365d; 1055d old (freshness 0.27); UBS link: industry (IT monitoring software; subject of the 2020 Sunburst supply-chain compromise. No UBS relationship claimed); data sensitivity 4/5; classifier: SEC fraud charges and governance concerns indicate serious conduct risk and regulatory action."
R0055,V010,CrowdStrike Holdings,2024-08-15,regulatory_filing,FStech / FCA,https://www.fstech.co.uk/fst/FCA_Tells_Financial_Firms_To_Increase_Operational_Resilience_After_Crowdstrike_Chaos.php,"Following the CrowdStrike Holdings outage, the FCA told financial firms to increase operational resilience, giving them until March 2025 to prove they could maintain critical services during severe but plausible scenarios.",REAL,OPERATIONAL,risk,confirmed,0.98,True,"Regulatory directive (FCA) in response to a vendor's operational outage (CrowdStrike) mandating enhanced resilience measures, indicating a confirmed risk exposure.",Endpoint security,USA,INDUSTRY,,Endpoint security vendor widely used in financial services. No UBS relationship claimed.,5,5,2,0.933,1.0,1.0,0.348,0.0,1,0.797,2.11,2.44,5.15,0.021,1,5.04,False,False,Medium,False,Medium,"MEDIUM (5.0/25, L2.1 x I2.4); OPERATIONAL signal, confirmed, from regulatory filing (credibility 1.00); 1 independent kind(s) of source in 365d; 768d old (freshness 0.35); UBS link: industry (Endpoint security vendor widely used in financial services. No UBS relationship claimed); hard to replace (substitutability 2/5); 1 positive signal(s) cut risk by 2%; classifier: Regulatory directive (FCA) in response to a vendor's operational outage (CrowdStrike) mandating enhanced resilience measures, indicating a confirmed risk exposure."
R0025,V015,Equifax Inc.,2017-09-08,audit_finding,Equifax breach FAQ,https://www.csoonline.com/article/567833/equifax-data-breach-faq-what-happened-who-was-affected-what-was-the-impact.html,"Attackers moved through Equifax Inc. systems for 76 days before the intrusion was detected, and Equifax knew of the breach internally from late July before disclosing it in September.",REAL,CYBER,risk,confirmed,1.0,True,"The text describes a confirmed cybersecurity breach with significant detection delay and delayed public disclosure, indicating poor cybersecurity controls and governance.",Credit data & analytics,USA,INDUSTRY,,Credit bureau supplying data to financial institutions. No UBS relationship claimed.,5,4,2,0.867,0.95,1.0,0.152,0.0,1,0.782,1.47,3.41,5.01,0.0,0,5.01,False,False,Medium,False,Medium,"MEDIUM (5.0/25, L1.5 x I3.4); CYBER signal, confirmed, from audit finding (credibility 0.95); 1 independent kind(s) of source in 365d; 3301d old (freshness 0.15); UBS link: industry (Credit bureau supplying data to financial institutions. No UBS relationship claimed); data sensitivity 5/5; classifier: The text describes a confirmed cybersecurity breach with significant detection delay and delayed public disclosure, indicating poor cybersecurity controls and governance."
R0023,V015,Equifax Inc.,2017-03-09,audit_finding,Equifax breach FAQ,https://www.csoonline.com/article/567833/equifax-data-breach-faq-what-happened-who-was-affected-what-was-the-impact.html,"Equifax Inc. administrators were instructed to apply a patch for a known Apache Struts vulnerability to affected systems. The patch was not applied, leaving Equifax exposed.",REAL,CYBER,risk,confirmed,1.0,True,"Failure to apply a known critical security patch (Apache Struts vulnerability) leading to confirmed exposure, indicating a cybersecurity risk.",Credit data & analytics,USA,INDUSTRY,,Credit bureau supplying data to financial institutions. No UBS relationship claimed.,5,4,2,0.867,0.95,1.0,0.151,0.0,1,0.782,1.47,3.41,5.01,0.0,0,5.01,False,False,Medium,False,Medium,"MEDIUM (5.0/25, L1.5 x I3.4); CYBER signal, confirmed, from audit finding (credibility 0.95); 1 independent kind(s) of source in 365d; 3484d old (freshness 0.15); UBS link: industry (Credit bureau supplying data to financial institutions. No UBS relationship claimed); data sensitivity 5/5; classifier: Failure to apply a known critical security patch (Apache Struts vulnerability) leading to confirmed exposure, indicating a cybersecurity risk."
R0054,V010,CrowdStrike Holdings,2024-07-25,regulatory_filing,FCA observations,https://www.hlc.com/en/publications/fcas-observations-and-lessons-learnt-from-the-july-2024-global-it-incident,"The CrowdStrike Holdings incident underscored the need for robust third-party IT risk management, a matter addressed by the EU Digital Operational Resilience Act which took effect in January 2025.",REAL,OPERATIONAL,risk,confirmed,1.0,True,"The text references a specific incident involving CrowdStrike Holdings, highlighting operational risk management failures and regulatory implications under the EU Digital Operational Resilience Act, indicating confirmed operational risk exposure.",Endpoint security,USA,INDUSTRY,,Endpoint security vendor widely used in financial services. No UBS relationship claimed.,5,5,2,0.933,1.0,1.0,0.34,0.0,1,0.8,2.09,2.44,5.1,0.021,1,4.99,False,False,Low,False,Low,"LOW (5.0/25, L2.1 x I2.4); OPERATIONAL signal, confirmed, from regulatory filing (credibility 1.00); 1 independent kind(s) of source in 365d; 789d old (freshness 0.34); UBS link: industry (Endpoint security vendor widely used in financial services. No UBS relationship claimed); hard to replace (substitutability 2/5); 1 positive signal(s) cut risk by 2%; classifier: The text references a specific incident involving CrowdStrike Holdings, highlighting operational risk management failures and regulatory implications under the EU Digital Operational Resilience Act, indicating confirmed operational risk exposure."
R0013,V014,SolarWinds Corporation,2020-12-14,regulatory_filing,SolarWinds Form 8-K,https://www.techtarget.com/whatis/feature/SolarWinds-hack-explained-Everything-you-need-to-know,"SolarWinds Corporation filed a Form 8-K with the SEC publicly disclosing the Sunburst supply chain attack, in which malicious code was inserted into its Orion network management software.",REAL,CYBER,risk,confirmed,1.0,True,Public SEC filing (Form 8-K) confirming a supply chain cyberattack (Sunburst) involving malicious code insertion into Orion software.,IT monitoring software,USA,INDUSTRY,,IT monitoring software; subject of the 2020 Sunburst supply-chain compromise. No UBS relationship claimed.,4,4,3,0.733,1.0,1.0,0.166,0.0,1,0.8,1.53,3.25,4.97,0.0,0,4.97,False,False,Low,False,Low,"LOW (5.0/25, L1.5 x I3.2); CYBER signal, confirmed, from regulatory filing (credibility 1.00); 1 independent kind(s) of source in 365d; 2108d old (freshness 0.17); UBS link: industry (IT monitoring software; subject of the 2020 Sunburst supply-chain compromise. No UBS relationship claimed); data sensitivity 4/5; classifier: Public SEC filing (Form 8-K) confirming a supply chain cyberattack (Sunburst) involving malicious code insertion into Orion software."
R0017,V014,SolarWinds Corporation,2021-01-12,audit_finding,SolarWinds hack explained,https://www.techtarget.com/whatis/feature/SolarWinds-hack-explained-Everything-you-need-to-know,"Investigators established that attackers had been testing their ability to inject malicious code into SolarWinds Corporation builds as early as October 2019, more than a year before the Sunburst compromise was detected.",REAL,CYBER,risk,confirmed,1.0,True,"Documented evidence of malicious code injection in SolarWinds builds prior to the Sunburst compromise, indicating a confirmed cybersecurity risk.",IT monitoring software,USA,INDUSTRY,,IT monitoring software; subject of the 2020 Sunburst supply-chain compromise. No UBS relationship claimed.,4,4,3,0.733,0.95,1.0,0.166,0.0,1,0.782,1.52,3.25,4.94,0.0,0,4.94,False,False,Low,False,Low,"LOW (4.9/25, L1.5 x I3.2); CYBER signal, confirmed, from audit finding (credibility 0.95); 1 independent kind(s) of source in 365d; 2079d old (freshness 0.17); UBS link: industry (IT monitoring software; subject of the 2020 Sunburst supply-chain compromise. No UBS relationship claimed); data sensitivity 4/5; classifier: Documented evidence of malicious code injection in SolarWinds builds prior to the Sunburst compromise, indicating a confirmed cybersecurity risk."
R0069,V004,Broadridge Financial Solutions,2021-10-19,news_article,AdvisorHub,https://www.advisorhub.com/ubs-committed-to-finishing-broker-workstation-revamp-despite-delays-cfo-says/,The rollout of the Broadridge Financial Solutions advisor workstation at UBS was publicly delayed. The UBS chief financial officer reaffirmed commitment to completing the Broadridge programme despite the delays.,REAL,OPERATIONAL,risk,corroborated,0.98,True,"Publicly reported delay in a major client rollout indicates operational disruption or capability gaps, posing operational risk to the vendor's service delivery.",Wealth platform & post-trade,USA,CONFIRMED,https://www.broadridge.com/press-release/2018/broadridge-and-ubs-americas-to-redefine-wm-technology,UBS Wealth Management USA anchor client; UBS also live on Broadridge DLR repo.,5,4,2,0.867,0.75,0.85,0.178,0.0,1,0.664,1.47,3.5,5.14,0.04,2,4.93,False,False,Low,False,Low,"LOW (4.9/25, L1.5 x I3.5); OPERATIONAL signal, corroborated, from news article (credibility 0.75); 1 independent kind(s) of source in 365d; 1799d old (freshness 0.18); UBS link: confirmed (UBS Wealth Management USA anchor client; UBS also live on Broadridge DLR repo); hard to replace (substitutability 2/5); 2 positive signal(s) cut risk by 4%; classifier: Publicly reported delay in a major client rollout indicates operational disruption or capability gaps, posing operational risk to the vendor's service delivery."
R0047,V008,ION Group,2023-02-10,audit_finding,Assured,https://assured.co.uk/2023/unlocking-the-truth-an-inside-look-at-the-ion-ransomware-attack/,Post-incident analysis of the ION Group attack highlighted the systemic exposure created when many market participants depend on ION Group for the same critical function.,REAL,CONCENTRATION,risk,confirmed,0.98,True,"The finding explicitly states systemic exposure due to multiple market participants relying on ION Group for the same critical function, indicating a concentration risk.",Trading & derivatives software,UK,INDUSTRY,,Major trading-software provider to banks. No UBS relationship claimed.,4,5,1,0.933,0.95,1.0,0.219,0.0,1,0.78,1.68,2.92,4.91,0.0,0,4.91,False,False,Low,False,Low,"LOW (4.9/25, L1.7 x I2.9); CONCENTRATION signal, confirmed, from audit finding (credibility 0.95); 1 independent kind(s) of source in 365d; 1320d old (freshness 0.22); UBS link: industry (Major trading-software provider to banks. No UBS relationship claimed); hard to replace (substitutability 1/5); classifier: The finding explicitly states systemic exposure due to multiple market participants relying on ION Group for the same critical function, indicating a concentration risk."
R0019,V014,SolarWinds Corporation,2023-10-31,news_article,SEC charges SolarWinds and CISO,https://www.sec.gov/newsroom/press-releases/2023-227,The SEC complaint against SolarWinds Corporation charged the company with fraud and internal and disclosure controls failures relating to known cybersecurity risks over a period from October 2018 until January 2021.,REAL,COMPLIANCE,risk,confirmed,1.0,True,SEC enforcement action charging fraud and disclosure controls failures directly implicates compliance obligations and regulatory scrutiny.,IT monitoring software,USA,INDUSTRY,,IT monitoring software; subject of the 2020 Sunburst supply-chain compromise. No UBS relationship claimed.,4,4,3,0.733,0.75,1.0,0.264,0.0,1,0.712,1.75,2.92,5.11,0.056,1,4.82,False,False,Low,False,Low,"LOW (4.8/25, L1.8 x I2.9); COMPLIANCE signal, confirmed, from news article (credibility 0.75); 1 independent kind(s) of source in 365d; 1057d old (freshness 0.26); UBS link: industry (IT monitoring software; subject of the 2020 Sunburst supply-chain compromise. No UBS relationship claimed); data sensitivity 4/5; 1 positive signal(s) cut risk by 6%; classifier: SEC enforcement action charging fraud and disclosure controls failures directly implicates compliance obligations and regulatory scrutiny."
R0052,V010,CrowdStrike Holdings,2024-07-19,incident_ticket,Burges Salmon,https://www.burges-salmon.com/our-thinking/crowdstrike-incident-regulatory-implications-and-lessons-learned/,"CrowdStrike Holdings released a defective Falcon content update for Microsoft Windows devices, causing a major outage. Around 8.5 million systems worldwide crashed as a result.",REAL,OPERATIONAL,risk,confirmed,1.0,True,Defective software update causing widespread system outages indicates operational failure.,Endpoint security,USA,INDUSTRY,,Endpoint security vendor widely used in financial services. No UBS relationship claimed.,5,5,2,0.933,0.85,1.0,0.338,0.0,1,0.747,2.01,2.44,4.9,0.021,1,4.8,False,False,Low,False,Low,"LOW (4.8/25, L2.0 x I2.4); OPERATIONAL signal, confirmed, from incident ticket (credibility 0.85); 1 independent kind(s) of source in 365d; 795d old (freshness 0.34); UBS link: industry (Endpoint security vendor widely used in financial services. No UBS relationship claimed); hard to replace (substitutability 2/5); 1 positive signal(s) cut risk by 2%; classifier: Defective software update causing widespread system outages indicates operational failure."
R0016,V014,SolarWinds Corporation,2020-12-18,news_article,SolarWinds hack explained,https://www.techtarget.com/whatis/feature/SolarWinds-hack-explained-Everything-you-need-to-know,"The Sunburst attack on SolarWinds Corporation was attributed to a Russian state-linked actor, with the trojanised Orion update distributed to SolarWinds customers including US federal agencies.",REAL,CYBER,risk,confirmed,1.0,True,"Confirmed cybersecurity incident involving a state-linked actor, with trojanized software distributed to customers, indicating a significant cyber risk exposure.",IT monitoring software,USA,INDUSTRY,,IT monitoring software; subject of the 2020 Sunburst supply-chain compromise. No UBS relationship claimed.,4,4,3,0.733,0.75,1.0,0.166,0.0,1,0.712,1.47,3.25,4.78,0.0,0,4.78,False,False,Low,False,Low,"LOW (4.8/25, L1.5 x I3.2); CYBER signal, confirmed, from news article (credibility 0.75); 1 independent kind(s) of source in 365d; 2104d old (freshness 0.17); UBS link: industry (IT monitoring software; subject of the 2020 Sunburst supply-chain compromise. No UBS relationship claimed); data sensitivity 4/5; classifier: Confirmed cybersecurity incident involving a state-linked actor, with trojanized software distributed to customers, indicating a significant cyber risk exposure."
R0015,V014,SolarWinds Corporation,2020-12-16,news_article,SolarWinds hack explained,https://www.techtarget.com/whatis/feature/SolarWinds-hack-explained-Everything-you-need-to-know,"The Sunburst compromise of SolarWinds Corporation was a supply chain attack intended to reach SolarWinds' downstream customers, demonstrating how a single software vendor can propagate risk across thousands of organisations.",REAL,CYBER,risk,confirmed,1.0,True,"Supply chain attack (Sunburst) confirmed to originate from SolarWinds, demonstrating propagation of risk to downstream customers.",IT monitoring software,USA,INDUSTRY,,IT monitoring software; subject of the 2020 Sunburst supply-chain compromise. No UBS relationship claimed.,4,4,3,0.733,0.75,1.0,0.166,0.0,1,0.712,1.47,3.25,4.78,0.0,0,4.78,False,False,Low,False,Low,"LOW (4.8/25, L1.5 x I3.2); CYBER signal, confirmed, from news article (credibility 0.75); 1 independent kind(s) of source in 365d; 2106d old (freshness 0.17); UBS link: industry (IT monitoring software; subject of the 2020 Sunburst supply-chain compromise. No UBS relationship claimed); data sensitivity 4/5; classifier: Supply chain attack (Sunburst) confirmed to originate from SolarWinds, demonstrating propagation of risk to downstream customers."
R0014,V014,SolarWinds Corporation,2020-12-15,news_article,SolarWinds hack explained,https://www.techtarget.com/whatis/feature/SolarWinds-hack-explained-Everything-you-need-to-know,"Threat actors gained access to SolarWinds Corporation's Orion software through its automated build environment, inserting the Sunburst backdoor that was distributed to SolarWinds customers.",REAL,CYBER,risk,confirmed,1.0,True,"Confirmed cybersecurity breach involving insertion of a backdoor (Sunburst) in SolarWinds' Orion software, distributed to customers via compromised build environment.",IT monitoring software,USA,INDUSTRY,,IT monitoring software; subject of the 2020 Sunburst supply-chain compromise. No UBS relationship claimed.,4,4,3,0.733,0.75,1.0,0.166,0.0,1,0.712,1.47,3.25,4.78,0.0,0,4.78,False,False,Low,False,Low,"LOW (4.8/25, L1.5 x I3.2); CYBER signal, confirmed, from news article (credibility 0.75); 1 independent kind(s) of source in 365d; 2107d old (freshness 0.17); UBS link: industry (IT monitoring software; subject of the 2020 Sunburst supply-chain compromise. No UBS relationship claimed); data sensitivity 4/5; classifier: Confirmed cybersecurity breach involving insertion of a backdoor (Sunburst) in SolarWinds' Orion software, distributed to customers via compromised build environment."
R0007,V013,Wirecard AG,2020-06-22,regulatory_filing,Wirecard scandal (overview),https://en.wikipedia.org/wiki/Wirecard_scandal,"Wirecard AG conceded that the EUR 1.9 billion in missing funds probably did not exist, an admission amounting to accounting fraud on its own balance sheet.",REAL,COMPLIANCE,risk,confirmed,1.0,True,Accounting fraud admission and regulatory filing indicate confirmed compliance failure with severe regulatory and financial implications.,Payment processing,Germany,INDUSTRY,,Former DAX payment processor; collapsed in 2020. No UBS relationship claimed.,5,4,3,0.8,1.0,1.0,0.161,0.0,1,0.8,1.52,3.09,4.7,0.0,0,4.7,False,False,Low,False,Low,"LOW (4.7/25, L1.5 x I3.1); COMPLIANCE signal, confirmed, from regulatory filing (credibility 1.00); 1 independent kind(s) of source in 365d; 2283d old (freshness 0.16); UBS link: industry (Former DAX payment processor; collapsed in 2020. No UBS relationship claimed); data sensitivity 5/5; classifier: Accounting fraud admission and regulatory filing indicate confirmed compliance failure with severe regulatory and financial implications."
R0012,V013,Wirecard AG,2020-09-15,regulatory_filing,European Parliament study,https://en.wikipedia.org/wiki/Wirecard_scandal,"German financial regulator BaFin was criticised for its supervision of Wirecard AG, including its decision to pursue journalists and short sellers rather than investigate the allegations against Wirecard.",REAL,CONDUCT,risk,confirmed,0.98,True,Regulatory criticism of BaFin's actions (pursuing journalists/short sellers instead of investigating Wirecard) indicates potential misconduct or oversight failures related to the vendor.,Payment processing,Germany,INDUSTRY,,Former DAX payment processor; collapsed in 2020. No UBS relationship claimed.,5,4,3,0.8,1.0,1.0,0.163,0.0,1,0.797,1.52,3.09,4.7,0.0,0,4.7,False,False,Low,False,Low,"LOW (4.7/25, L1.5 x I3.1); CONDUCT signal, confirmed, from regulatory filing (credibility 1.00); 1 independent kind(s) of source in 365d; 2198d old (freshness 0.16); UBS link: industry (Former DAX payment processor; collapsed in 2020. No UBS relationship claimed); data sensitivity 5/5; classifier: Regulatory criticism of BaFin's actions (pursuing journalists/short sellers instead of investigating Wirecard) indicates potential misconduct or oversight failures related to the vendor."
R0053,V010,CrowdStrike Holdings,2024-07-20,news_article,Global Relay,https://www.globalrelay.com/resources/thought-leadership/crowdstrike-and-operational-resilience-lessons-learned/,"The CrowdStrike Holdings update failure disrupted banking, healthcare, retail and aviation, causing thousands of flight cancellations and widespread service degradation.",REAL,OPERATIONAL,risk,confirmed,0.99,True,"The text describes a confirmed operational failure (update deployment) causing widespread service disruption across multiple industries, including aviation and banking, indicating a significant operational risk.",Endpoint security,USA,INDUSTRY,,Endpoint security vendor widely used in financial services. No UBS relationship claimed.,5,5,2,0.933,0.75,1.0,0.338,0.0,1,0.711,1.96,2.44,4.78,0.021,1,4.68,False,False,Low,False,Low,"LOW (4.7/25, L2.0 x I2.4); OPERATIONAL signal, confirmed, from news article (credibility 0.75); 1 independent kind(s) of source in 365d; 794d old (freshness 0.34); UBS link: industry (Endpoint security vendor widely used in financial services. No UBS relationship claimed); hard to replace (substitutability 2/5); 1 positive signal(s) cut risk by 2%; classifier: The text describes a confirmed operational failure (update deployment) causing widespread service disruption across multiple industries, including aviation and banking, indicating a significant operational risk."
R0004,V013,Wirecard AG,2020-06-05,regulatory_filing,Wirecard scandal (overview),https://en.wikipedia.org/wiki/Wirecard_scandal,German police raided Wirecard AG offices after Munich prosecutors opened a criminal investigation into the Wirecard chief executive and three other management board members.,REAL,CONDUCT,risk,confirmed,1.0,True,"Criminal investigation and police raid indicate serious misconduct allegations against senior management, directly impacting vendor integrity and trustworthiness.",Payment processing,Germany,INDUSTRY,,Former DAX payment processor; collapsed in 2020. No UBS relationship claimed.,5,4,3,0.8,1.0,1.0,0.161,0.0,1,0.8,1.51,3.09,4.67,0.0,0,4.67,False,False,Low,False,Low,"LOW (4.7/25, L1.5 x I3.1); CONDUCT signal, confirmed, from regulatory filing (credibility 1.00); 1 independent kind(s) of source in 365d; 2300d old (freshness 0.16); UBS link: industry (Former DAX payment processor; collapsed in 2020. No UBS relationship claimed); data sensitivity 5/5; classifier: Criminal investigation and police raid indicate serious misconduct allegations against senior management, directly impacting vendor integrity and trustworthiness."
R0002,V013,Wirecard AG,2020-04-28,audit_finding,KPMG special audit,https://en.wikipedia.org/wiki/Wirecard_scandal,The KPMG special audit into Wirecard AG was published. KPMG said it was not able to verify the existence of the lion's share of the profits Wirecard reported between 2016 and 2018.,REAL,COMPLIANCE,risk,confirmed,1.0,True,KPMG special audit finding of unverified profits indicates material compliance failure and regulatory scrutiny.,Payment processing,Germany,INDUSTRY,,Former DAX payment processor; collapsed in 2020. No UBS relationship claimed.,5,4,3,0.8,0.95,1.0,0.16,0.0,1,0.782,1.5,3.09,4.64,0.0,0,4.64,False,False,Low,False,Low,"LOW (4.6/25, L1.5 x I3.1); COMPLIANCE signal, confirmed, from audit finding (credibility 0.95); 1 independent kind(s) of source in 365d; 2338d old (freshness 0.16); UBS link: industry (Former DAX payment processor; collapsed in 2020. No UBS relationship claimed); data sensitivity 5/5; classifier: KPMG special audit finding of unverified profits indicates material compliance failure and regulatory scrutiny."
R0027,V015,Equifax Inc.,2018-03-14,regulatory_filing,SEC press release,https://www.sec.gov/newsroom/press-releases/2018-40,"The SEC charged Jun Ying, a former Equifax Inc. executive next in line to be global chief information officer, with insider trading for selling Equifax shares before the breach was public.",REAL,CONDUCT,risk,confirmed,1.0,True,"Insider trading by a senior executive at Equifax, confirmed by SEC regulatory action, indicates serious conduct risk and potential reputational damage.",Credit data & analytics,USA,INDUSTRY,,Credit bureau supplying data to financial institutions. No UBS relationship claimed.,5,4,2,0.867,1.0,1.0,0.152,0.0,1,0.8,1.49,3.09,4.6,0.0,0,4.6,False,False,Low,False,Low,"LOW (4.6/25, L1.5 x I3.1); CONDUCT signal, confirmed, from regulatory filing (credibility 1.00); 1 independent kind(s) of source in 365d; 3114d old (freshness 0.15); UBS link: industry (Credit bureau supplying data to financial institutions. No UBS relationship claimed); data sensitivity 5/5; classifier: Insider trading by a senior executive at Equifax, confirmed by SEC regulatory action, indicates serious conduct risk and potential reputational damage."
R0029,V015,Equifax Inc.,2018-06-28,regulatory_filing,DOJ and SEC charges,https://www.sec.gov/newsroom/press-releases/2018-40,"The DOJ and SEC announced charges against Sudhakar Reddy Bonthu, a former Equifax Inc. software development manager, for selling Equifax shares before the breach was publicly announced.",REAL,CONDUCT,risk,confirmed,1.0,True,Regulatory charges against a former employee for insider trading related to a breach indicate conduct risk and confirmed misconduct.,Credit data & analytics,USA,INDUSTRY,,Credit bureau supplying data to financial institutions. No UBS relationship claimed.,5,4,2,0.867,1.0,1.0,0.153,0.0,1,0.8,1.49,3.09,4.6,0.0,0,4.6,False,False,Low,False,Low,"LOW (4.6/25, L1.5 x I3.1); CONDUCT signal, confirmed, from regulatory filing (credibility 1.00); 1 independent kind(s) of source in 365d; 3008d old (freshness 0.15); UBS link: industry (Credit bureau supplying data to financial institutions. No UBS relationship claimed); data sensitivity 5/5; classifier: Regulatory charges against a former employee for insider trading related to a breach indicate conduct risk and confirmed misconduct."
R0032,V015,Equifax Inc.,2019-07-23,regulatory_filing,FTC press release,https://www.ftc.gov/news-events/news/press-releases/2019/07/equifax-pay-575-million-part-settlement-ftc-cfpb-states-related-2017-data-breach,"Under the settlement, Equifax Inc. allocated USD 300 million to consumer credit monitoring, USD 175 million to 48 states, and USD 100 million in civil penalties to the CFPB.",REAL,COMPLIANCE,risk,confirmed,1.0,True,"Regulatory enforcement action (FTC settlement) with civil penalties and consumer compensation, indicating compliance failures and regulatory scrutiny.",Credit data & analytics,USA,INDUSTRY,,Credit bureau supplying data to financial institutions. No UBS relationship claimed.,5,4,2,0.867,1.0,1.0,0.156,0.0,1,0.8,1.5,3.09,4.64,0.023,1,4.53,False,False,Low,False,Low,"LOW (4.5/25, L1.5 x I3.1); COMPLIANCE signal, confirmed, from regulatory filing (credibility 1.00); 1 independent kind(s) of source in 365d; 2618d old (freshness 0.16); UBS link: industry (Credit bureau supplying data to financial institutions. No UBS relationship claimed); data sensitivity 5/5; 1 positive signal(s) cut risk by 2%; classifier: Regulatory enforcement action (FTC settlement) with civil penalties and consumer compensation, indicating compliance failures and regulatory scrutiny."
R0031,V015,Equifax Inc.,2019-07-22,regulatory_filing,FTC press release,https://www.ftc.gov/news-events/news/press-releases/2019/07/equifax-pay-575-million-part-settlement-ftc-cfpb-states-related-2017-data-breach,"Equifax Inc. agreed to pay at least USD 575 million, and potentially up to USD 700 million, in a global settlement with the FTC, the CFPB and 50 US states and territories over the 2017 breach.",REAL,COMPLIANCE,risk,confirmed,1.0,True,"Regulatory settlement (FTC, CFPB, states) over a 2017 breach indicates confirmed compliance failure and significant regulatory action.",Credit data & analytics,USA,INDUSTRY,,Credit bureau supplying data to financial institutions. No UBS relationship claimed.,5,4,2,0.867,1.0,1.0,0.156,0.0,1,0.8,1.5,3.09,4.64,0.023,1,4.53,False,False,Low,False,Low,"LOW (4.5/25, L1.5 x I3.1); COMPLIANCE signal, confirmed, from regulatory filing (credibility 1.00); 1 independent kind(s) of source in 365d; 2619d old (freshness 0.16); UBS link: industry (Credit bureau supplying data to financial institutions. No UBS relationship claimed); data sensitivity 5/5; 1 positive signal(s) cut risk by 2%; classifier: Regulatory settlement (FTC, CFPB, states) over a 2017 breach indicates confirmed compliance failure and significant regulatory action."
R0008,V013,Wirecard AG,2020-06-23,news_article,Wirecard scandal (overview),https://en.wikipedia.org/wiki/Wirecard_scandal,Wirecard AG former chief executive Markus Braun was arrested by German authorities in connection with the Munich prosecutors' investigation.,REAL,CONDUCT,risk,confirmed,1.0,True,Arrest of CEO and ongoing investigation related to fraudulent activities indicate serious conduct risk and regulatory exposure.,Payment processing,Germany,INDUSTRY,,Former DAX payment processor; collapsed in 2020. No UBS relationship claimed.,5,4,3,0.8,0.75,1.0,0.161,0.0,1,0.712,1.46,3.09,4.51,0.0,0,4.51,False,False,Low,False,Low,"LOW (4.5/25, L1.5 x I3.1); CONDUCT signal, confirmed, from news article (credibility 0.75); 1 independent kind(s) of source in 365d; 2282d old (freshness 0.16); UBS link: industry (Former DAX payment processor; collapsed in 2020. No UBS relationship claimed); data sensitivity 5/5; classifier: Arrest of CEO and ongoing investigation related to fraudulent activities indicate serious conduct risk and regulatory exposure."
R0011,V013,Wirecard AG,2020-07-02,news_article,Wirecard scandal (overview),https://en.wikipedia.org/wiki/Wirecard_scandal,"Scrutiny turned to EY's long-running audits of Wirecard AG, with critics arguing the auditor failed to uncover the fraud earlier. EY maintains that Wirecard concealed information from it.",REAL,CONDUCT,risk,confirmed,0.98,True,"Fraud and auditor failure indicate serious misconduct and compliance failures at Wirecard AG, confirmed by the scandal and regulatory scrutiny.",Payment processing,Germany,INDUSTRY,,Former DAX payment processor; collapsed in 2020. No UBS relationship claimed.,5,4,3,0.8,0.75,1.0,0.161,0.0,1,0.71,1.46,3.09,4.51,0.0,0,4.51,False,False,Low,False,Low,"LOW (4.5/25, L1.5 x I3.1); CONDUCT signal, confirmed, from news article (credibility 0.75); 1 independent kind(s) of source in 365d; 2273d old (freshness 0.16); UBS link: industry (Former DAX payment processor; collapsed in 2020. No UBS relationship claimed); data sensitivity 5/5; classifier: Fraud and auditor failure indicate serious misconduct and compliance failures at Wirecard AG, confirmed by the scandal and regulatory scrutiny."
R0009,V013,Wirecard AG,2020-06-24,news_article,Wirecard scandal (overview),https://en.wikipedia.org/wiki/Wirecard_scandal,Wirecard AG chief operating officer Jan Marsalek went into hiding to evade arrest and became the subject of an international manhunt.,REAL,CONDUCT,risk,confirmed,1.0,True,Executive fleeing arrest and international manhunt indicates severe misconduct and fraudulent activities at the vendor.,Payment processing,Germany,INDUSTRY,,Former DAX payment processor; collapsed in 2020. No UBS relationship claimed.,5,4,3,0.8,0.75,1.0,0.161,0.0,1,0.712,1.46,3.09,4.51,0.0,0,4.51,False,False,Low,False,Low,"LOW (4.5/25, L1.5 x I3.1); CONDUCT signal, confirmed, from news article (credibility 0.75); 1 independent kind(s) of source in 365d; 2281d old (freshness 0.16); UBS link: industry (Former DAX payment processor; collapsed in 2020. No UBS relationship claimed); data sensitivity 5/5; classifier: Executive fleeing arrest and international manhunt indicates severe misconduct and fraudulent activities at the vendor."
R0030,V015,Equifax Inc.,2018-09-20,regulatory_filing,ICO enforcement,https://www.infosecurity-magazine.com/news/ico-fines-equifax-500k-after-2017/,"The UK Information Commissioner's Office fined Equifax Ltd GBP 500,000, the maximum available under the pre-GDPR regime, over the 2017 breach affecting up to 15 million British citizens.",REAL,COMPLIANCE,risk,confirmed,1.0,True,Regulatory enforcement action (ICO fine) indicates a compliance failure related to data protection.,Credit data & analytics,USA,INDUSTRY,,Credit bureau supplying data to financial institutions. No UBS relationship claimed.,5,4,2,0.867,1.0,1.0,0.153,0.0,1,0.8,1.49,3.09,4.6,0.023,1,4.49,False,False,Low,False,Low,"LOW (4.5/25, L1.5 x I3.1); COMPLIANCE signal, confirmed, from regulatory filing (credibility 1.00); 1 independent kind(s) of source in 365d; 2924d old (freshness 0.15); UBS link: industry (Credit bureau supplying data to financial institutions. No UBS relationship claimed); data sensitivity 5/5; 1 positive signal(s) cut risk by 2%; classifier: Regulatory enforcement action (ICO fine) indicates a compliance failure related to data protection."
R0001,V013,Wirecard AG,2019-10-21,news_article,Wirecard scandal (overview),https://en.wikipedia.org/wiki/Wirecard_scandal,"Under pressure from investors, Wirecard AG appointed KPMG to conduct a special audit of its financial reporting.",REAL,COMPLIANCE,risk,confirmed,1.0,True,"Appointment of a special auditor (KPMG) under investor pressure indicates serious financial reporting irregularities, confirmed by subsequent scandal.",Payment processing,Germany,INDUSTRY,,Former DAX payment processor; collapsed in 2020. No UBS relationship claimed.,5,4,3,0.8,0.75,1.0,0.157,0.0,1,0.712,1.45,3.09,4.48,0.0,0,4.48,False,False,Low,False,Low,"LOW (4.5/25, L1.4 x I3.1); COMPLIANCE signal, confirmed, from news article (credibility 0.75); 1 independent kind(s) of source in 365d; 2528d old (freshness 0.16); UBS link: industry (Former DAX payment processor; collapsed in 2020. No UBS relationship claimed); data sensitivity 5/5; classifier: Appointment of a special auditor (KPMG) under investor pressure indicates serious financial reporting irregularities, confirmed by subsequent scandal."
R0028,V015,Equifax Inc.,2018-03-15,news_article,SEC press release,https://www.sec.gov/newsroom/press-releases/2018-40,"According to the SEC, the former Equifax Inc. executive realised proceeds of around USD 1 million and avoided more than USD 117,000 in losses by selling Equifax stock ahead of the breach announcement.",REAL,CONDUCT,risk,confirmed,1.0,True,"SEC press release confirms insider trading by an Equifax executive in connection with the breach announcement, indicating conduct-related risk.",Credit data & analytics,USA,INDUSTRY,,Credit bureau supplying data to financial institutions. No UBS relationship claimed.,5,4,2,0.867,0.75,1.0,0.152,0.0,1,0.712,1.43,3.09,4.42,0.0,0,4.42,False,False,Low,False,Low,"LOW (4.4/25, L1.4 x I3.1); CONDUCT signal, confirmed, from news article (credibility 0.75); 1 independent kind(s) of source in 365d; 3113d old (freshness 0.15); UBS link: industry (Credit bureau supplying data to financial institutions. No UBS relationship claimed); data sensitivity 5/5; classifier: SEC press release confirms insider trading by an Equifax executive in connection with the breach announcement, indicating conduct-related risk."
R0026,V015,Equifax Inc.,2017-09-12,news_article,Equifax breach FAQ,https://www.csoonline.com/article/567833/equifax-data-breach-faq-what-happened-who-was-affected-what-was-the-impact.html,Equifax Inc. faced sustained criticism over the delay between internal discovery of the breach in late July 2017 and public disclosure on 7 September.,REAL,CONDUCT,risk,confirmed,1.0,True,"The text discusses a significant delay in public disclosure of a breach, which is a conduct-related issue involving transparency and potential regulatory violations.",Credit data & analytics,USA,INDUSTRY,,Credit bureau supplying data to financial institutions. No UBS relationship claimed.,5,4,2,0.867,0.75,1.0,0.152,0.0,1,0.712,1.43,3.09,4.42,0.0,0,4.42,False,False,Low,False,Low,"LOW (4.4/25, L1.4 x I3.1); CONDUCT signal, confirmed, from news article (credibility 0.75); 1 independent kind(s) of source in 365d; 3297d old (freshness 0.15); UBS link: industry (Credit bureau supplying data to financial institutions. No UBS relationship claimed); data sensitivity 5/5; classifier: The text discusses a significant delay in public disclosure of a breach, which is a conduct-related issue involving transparency and potential regulatory violations."
R0065,V005,Cognizant Technology Solutions,2020-09-01,news_article,finews,https://www.finews.com/news/english-news/46514-ubs-cognizant-technology-outsourcing-mike-dargan,"UBS cancelled its outsourcing partnership with Cognizant Technology Solutions, where reported spend had run up to around USD 330 million per year, as part of an insourcing strategy.",REAL,CONCENTRATION,risk,confirmed,1.0,True,"Termination of a major outsourcing partnership (USD 330M annual spend) due to insourcing strategy indicates a loss of a critical vendor relationship, increasing concentration risk for UBS.",IT & business process outsourcing,USA,CONFIRMED,https://news.cognizant.com/newsannouncements?item=20231,Acquired UBS India Service Centre in 2009; UBS later insourced and exited.,4,3,4,0.6,0.75,1.0,0.163,0.0,1,0.712,1.46,3.25,4.74,0.08,1,4.36,False,False,Low,False,Low,"LOW (4.4/25, L1.5 x I3.2); CONCENTRATION signal, confirmed, from news article (credibility 0.75); 1 independent kind(s) of source in 365d; 2212d old (freshness 0.16); UBS link: confirmed (Acquired UBS India Service Centre in 2009; UBS later insourced and exited); 1 positive signal(s) cut risk by 8%; classifier: Termination of a major outsourcing partnership (USD 330M annual spend) due to insourcing strategy indicates a loss of a critical vendor relationship, increasing concentration risk for UBS."
R0010,V013,Wirecard AG,2020-06-25,regulatory_filing,Wirecard scandal (overview),https://en.wikipedia.org/wiki/Wirecard_scandal,"Wirecard AG filed for insolvency, owing creditors approximately EUR 3.5 billion. Wirecard became the first DAX-listed company to collapse in this way.",REAL,FINANCIAL,risk,confirmed,1.0,True,"Insolvency filing and collapse indicate severe financial distress, directly impacting the vendor's ability to fulfill obligations.",Payment processing,Germany,INDUSTRY,,Former DAX payment processor; collapsed in 2020. No UBS relationship claimed.,5,4,3,0.8,1.0,1.0,0.161,0.0,1,0.8,1.52,2.11,3.21,0.0,0,3.21,False,False,Low,False,Low,"LOW (3.2/25, L1.5 x I2.1); FINANCIAL signal, confirmed, from regulatory filing (credibility 1.00); 1 independent kind(s) of source in 365d; 2280d old (freshness 0.16); UBS link: industry (Former DAX payment processor; collapsed in 2020. No UBS relationship claimed); classifier: Insolvency filing and collapse indicate severe financial distress, directly impacting the vendor's ability to fulfill obligations."
R0005,V013,Wirecard AG,2020-06-18,audit_finding,Wirecard scandal (overview),https://en.wikipedia.org/wiki/Wirecard_scandal,"EY refused to sign off Wirecard AG's 2019 financial statements. Wirecard disclosed that EUR 1.9 billion of company funds supposedly held in two Philippine banks was missing, and the banks disavowed ever holding it.",REAL,FINANCIAL,risk,confirmed,1.0,True,EY's refusal to sign off financial statements and the confirmed disappearance of EUR 1.9 billion in funds indicate severe financial misconduct and audit failure.,Payment processing,Germany,INDUSTRY,,Former DAX payment processor; collapsed in 2020. No UBS relationship claimed.,5,4,3,0.8,0.95,1.0,0.161,0.0,1,0.782,1.5,2.11,3.16,0.0,0,3.16,False,False,Low,False,Low,"LOW (3.2/25, L1.5 x I2.1); FINANCIAL signal, confirmed, from audit finding (credibility 0.95); 1 independent kind(s) of source in 365d; 2287d old (freshness 0.16); UBS link: industry (Former DAX payment processor; collapsed in 2020. No UBS relationship claimed); classifier: EY's refusal to sign off financial statements and the confirmed disappearance of EUR 1.9 billion in funds indicate severe financial misconduct and audit failure."
R0006,V013,Wirecard AG,2020-06-19,market_data,Wirecard scandal (overview),https://en.wikipedia.org/wiki/Wirecard_scandal,"Wirecard AG shares collapsed after EY declined to sign the accounts, with the missing EUR 1.9 billion triggering a liquidity crisis at Wirecard.",REAL,FINANCIAL,risk,confirmed,1.0,True,"Financial collapse due to missing funds and auditor refusal to sign off, leading to liquidity crisis.",Payment processing,Germany,INDUSTRY,,Former DAX payment processor; collapsed in 2020. No UBS relationship claimed.,5,4,3,0.8,0.7,1.0,0.161,0.0,1,0.695,1.45,2.11,3.06,0.0,0,3.06,False,False,Low,False,Low,"LOW (3.1/25, L1.4 x I2.1); FINANCIAL signal, confirmed, from market data (credibility 0.70); 1 independent kind(s) of source in 365d; 2286d old (freshness 0.16); UBS link: industry (Former DAX payment processor; collapsed in 2020. No UBS relationship claimed); classifier: Financial collapse due to missing funds and auditor refusal to sign off, leading to liquidity crisis."
R0003,V013,Wirecard AG,2020-04-29,market_data,Wirecard scandal (overview),https://en.wikipedia.org/wiki/Wirecard_scandal,"Wirecard AG shares fell sharply after the KPMG special audit failed to verify a majority of reported profits, with analysts questioning the reliability of Wirecard's accounts.",REAL,FINANCIAL,risk,confirmed,1.0,True,"Market data confirms financial misconduct with KPMG special audit unable to verify reported profits, indicating severe financial risk and accounting fraud.",Payment processing,Germany,INDUSTRY,,Former DAX payment processor; collapsed in 2020. No UBS relationship claimed.,5,4,3,0.8,0.7,1.0,0.16,0.0,1,0.695,1.44,2.11,3.04,0.0,0,3.04,False,False,Low,False,Low,"LOW (3.0/25, L1.4 x I2.1); FINANCIAL signal, confirmed, from market data (credibility 0.70); 1 independent kind(s) of source in 365d; 2337d old (freshness 0.16); UBS link: industry (Former DAX payment processor; collapsed in 2020. No UBS relationship claimed); classifier: Market data confirms financial misconduct with KPMG special audit unable to verify reported profits, indicating severe financial risk and accounting fraud."
